filename,summary
resume_1.txt,"[Objective]: অভিজ্ঞতা সম্পন্ন সফ্টওয়্যার ইঞ্জিনিয়ার হিসেবে একটি ডায়নামিক টিমে যোগদান করা যেখানে আমার জাভা এবং স্প্রিং ফ্রেমওয়ার্কের দক্ষতা কাজে লাগিয়ে প্রতিষ্ঠানের সাফল্যে অবদান রাখতে পারি 
[Education]: বিএসসি ইন কম্পিউটার সায়েন্স অ্যান্ড ইঞ্জিনিয়ারিং 
[Experience Highlights]: সফ্টওয়্যার ইঞ্জিনিয়ার | ডাটা সফ্ট লিমিটেড (জুন ২০১৮ - জুন ২০২০) 
[Top Skills]: প্রোগ্রামিং ভাষা: জাভা, পাইথন, সি++, ফ্রেমওয়ার্ক: স্প্রিং বুট, হাইবারনেট, ডjango, ডাটাবেজ: MySQL, PostgreSQL, MongoDB, টুলস: Git, Docker, Jenkins, Maven"
resume_10.txt,"[Objective]: দক্ষ ও স্কেলেবল সফটওয়্যার সলিউশন ডেভেলপমেন্টের মাধ্যমে প্রতিষ্ঠানের টেকনোলজিক্যাল চ্যালেঞ্জ মোকাবেলা এবং ব্যবসায়িক লক্ষ্য অর্জনে গুরুত্বপূর্ণ ভূমিকা রাখতে আগ্রহী 
[Education]: বিএসসি ইন কম্পিউটার সায়েন্স অ্যান্ড ইঞ্জিনিয়ারিং 
[Experience Highlights]: পাইথন এবং জ্যাঙ্গো ফ্রেমওয়ার্ক ব্যবহার করে ব্যাকএন্ড ফিচার ডেভেলপ করছি | সফটওয়্যার ডেভেলপমেন্ট ইন্টার্ন 
[Top Skills]: ব্যাকএন্ড ডেভেলপমেন্ট: পাইথন, জ্যাঙ্গো, জাভা (বেসিক), ফ্রন্টএন্ড ডেভেলপমেন্ট: জাভাস্ক্রিপ্ট, রিঅ্যাক্ট জেএস (বেসিক), ডেটাবেজ: পোস্টগ্রেএসকিউএল, মাইএসকিউএল, এপিআই ডিজাইন: রেস্টফুল এপিআই, ভার্সন কন্ট্রোল: গিট, গিটহাব, টুলস ও টেকনোলজি: ডকার (বেসিক), অ্যাজাইল স্ক্রাম"
resume_100.txt,"[Objective]: ডেভঅপ্স ইঞ্জিনিয়ার হিসেবে ক্লাউড টেকনোলজি ও কন্টেইনারাইজেশনের মাধ্যমে ডিপ্লয়মেন্ট প্রক্রিয়া সহজ ও দ্রুততর করতে চাই 
[Education]: বিএসসি ইন কম্পিউটার সায়েন্স অ্যান্ড ইঞ্জিনিয়ারিং 
[Experience Highlights]: ডকার ব্যবহার করে অ্যাপ্লিকেশন কন্টেইনারাইজেশন | সফটওয়্যার ইঞ্জিনিয়ার (ইন্টার্ন) 
[Top Skills]: লিনাক্স, ডকার, জেনকিন্স, AWS (EC2, S3), গিট ও গিটহাব অ্যাকশেস"
resume_11.txt,"[Objective]: স্কেলেবল ডেটা পাইপলাইন নির্মাণ, ডেটা ইনফ্রাস্ট্রাকচার ডেভেলপমেন্ট এবং বড় ডেটাসেট প্রসেসিংয়ের মাধ্যমে প্রতিষ্ঠানের ডেটা-চালিত সিদ্ধান্ত গ্রহণ প্রক্রিয়ায় গুরুত্বপূর্ণ ভূমিকা রাখতে আগ্রহী 
[Education]: বিএসসি ইন কম্পিউটার সায়েন্স অ্যান্ড ইঞ্জিনিয়ারিং 
[Experience Highlights]: ডেটা ইঞ্জিনিয়ার | | অ্যাপাচি এয়ারফ্লো ব্যবহার করে ডেটা ওয়ার্কফ্লো অটোমেশন ও অর্কেস্ট্রেশন করেছি 
[Top Skills]: প্রোগ্রামিং ল্যাঙ্গুয়েজ: পাইথন (প্যান্ডাস, নামপাই), এসকিউএল, বাশ, বিগ ডেটা টেকনোলজি: অ্যাপাচি স্পার্ক, হাডুপ (বেসিক), ডেটাবেজ: PostgreSQL, MySQL, মঙ্গোডিবি (বেসিক), ইটিএল অর্কেস্ট্রেশন: অ্যাপাচি এয়ারফ্লো, ডেটা ওয়্যারহাউজিং: গুগল বিগকোয়েরি (বেসিক), ক্লাউড প্ল্যাটফর্ম: অ্যামাজন ওয়েব সার্ভিসেস (AWS) - S3 (বেসিক), ভার্সন কন্ট্রোল: গিট, গিটহাব"
resume_12.txt,"[Objective]: হেলথকেয়ার ও ফার্মেসি ম্যানেজমেন্ট সিস্টেম ডেভেলপমেন্টের মাধ্যমে রোগী সেবা ও ওষুধ ব্যবস্থাপনা প্রক্রিয়া ডিজিটালাইজেশনে গুরুত্বপূর্ণ ভূমিকা রাখতে আগ্রহী 
[Education]: ঢাকা বিশ্ববিদ্যালয় 
[Experience Highlights]: পাইথন ও জ্যাঙ্গো ফ্রেমওয়ার্ক ব্যবহার করে হাসপাতালের ফার্মেসি ম্যানেজমেন্ট সিস্টেম ডেভেলপ করেছি যা ইনভেন্টরি ট্র্যাকিং ও অটোমেটেড রি-অর্ডারিং সক্ষম করেছে | কমিউনিটি ফার্মেসির জন্য প্রেসক্রিপশন ম্যানেজমেন্ট সফটওয়্যার ডেভেলপমেন্টে সহায়তা করেছি 
[Top Skills]: ব্যাকএন্ড ডেভেলপমেন্ট: পাইথন, জ্যাঙ্গো, জাভা (বেসিক), ফ্রন্টএন্ড ডেভেলপমেন্ট: জাভাস্ক্রিপ্ট, রিঅ্যাক্ট জেএস, ডেটাবেজ: মাইএসকিউএল, পোস্টগ্রেএসকিউএল, এপিআই ডিজাইন: রেস্টফুল এপিআই, ফার্মেসি ম্যানেজমেন্ট সিস্টেম ও ইনভেন্টরি কন্ট্রোল, ক্লিনিক্যাল ফার্মেসি নলেজ ও রোগীর সাথে যোগাযোগ দক্ষতা"
resume_13.txt,"[Objective]: শিক্ষার্থীদের জন্য ইন্টারেক্টিভ লার্নিং প্ল্যাটফর্ম ও অ্যাসেসমেন্ট টুল ডেভেলপমেন্টের মাধ্যমে আধুনিক শিক্ষা ব্যবস্থার ডিজিটাল রূপান্তরে গুরুত্বপূর্ণ ভূমিকা রাখতে আগ্রহী 
[Education]: বিএড (প্রাথমিক শিক্ষা) 
[Experience Highlights]: রিঅ্যাক্ট জেএস ও নেক্সট জেএস ব্যবহার করে প্রাথমিক শিক্ষার্থীদের জন্য ইন্টারেক্টিভ লার্নিং ম্যানেজমেন্ট সিস্টেম (LMS) ডেভেলপ করেছি | স্কুল ম্যানেজমেন্ট সফটওয়্যার ডেভেলপমেন্টে সহায়তা করেছি 
[Top Skills]: ফ্রন্টএন্ড ডেভেলপমেন্ট: জাভাস্ক্রিপ্ট, রিঅ্যাক্ট জেএস, নেক্সট জেএস, ব্যাকএন্ড ডেভেলপমেন্ট: পাইথন, জ্যাঙ্গো, ডেটাবেজ: পোস্টগ্রেএসকিউএল, ডায়নামোবিডি, এপিআই ডিজাইন: রেস্টফুল এপিআই, এডটেক ও লার্নিং ম্যানেজমেন্ট সিস্টেম, শিশু মনোবিজ্ঞান ও পাঠদান পদ্ধতি (Pedagogy) সম্পর্কে গভীর জ্ঞান"
resume_14.txt,"[Objective]: ব্যাংকিং অপারেশন ও ফাইন্যান্সিয়াল সার্ভিসের জন্য স্কেলেবল ও সুরক্ষিত সফটওয়্যার সলিউশন ডেভেলপমেন্টের মাধ্যমে ব্যাংকিং খাতের ডিজিটাল ট্রান্সফরমেশনে গুরুত্বপূর্ণ ভূমিকা রাখতে আগ্রহী 
[Education]: এমবিএ (ফাইন্যান্স) 
[Experience Highlights]: রেস্টফুল এপিআই ডেভেলপ করেছি যা কোর ব্যাংকিং সিস্টেমের সাথে ইন্টিগ্রেশন সক্ষম করেছে | ব্যাংকের ট্রানজেকশন প্রসেসিং সিস্টেমের ডেভেলপমেন্ট ও মেইনটেনেন্সে সহায়তা করেছি 
[Top Skills]: ব্যাকএন্ড ডেভেলপমেন্ট: জাভা, স্প্রিং বুট, পাইথন (বেসিক), ফ্রন্টএন্ড ডেভেলপমেন্ট: জাভাস্ক্রিপ্ট, রিঅ্যাক্ট জেএস, ডেটাবেজ: পোস্টগ্রেএসকিউএল, মাইএসকিউএল, এপিআই ডিজাইন: রেস্টফুল এপিআই, ফাইনটেক ও ব্যাংকিং অপারেশনস, কাস্টমার রিলেশনশিপ ম্যানেজমেন্ট (CRM) ও ফাইন্যান্সিয়াল অ্যানালিসিস"
resume_15.txt,"[Objective]: হোটেল অপারেশনস ও অতিথি সেবা সংক্রান্ত ডেটা বিশ্লেষণের মাধ্যমে গ্রাহক অভিজ্ঞতা উন্নয়ন ও ব্যবসায়িক সিদ্ধান্ত গ্রহণ প্রক্রিয়ায় গুরুত্বপূর্ণ ভূমিকা রাখতে আগ্রহী 
[Education]: পেশাদার সার্টিফিকেট ইন ডেটা অ্যানালিটিক্স 
[Experience Highlights]: এক্সেল ও গুগল শিটস ব্যবহার করে অতিথি চেক-ইন/আউট ও রিজার্ভেশন ডেটা সংগ্রহ ও অ্যানালাইসিস করেছি | প্রপার্টি ম্যানেজমেন্ট সিস্টেম (PMS) থেকে সংগৃহীত ডেটা ট্র্যাক করে অতিথি সন্তুষ্টি ও কমপ্লেইন্ট ট্রেন্ড অ্যানালাইসিস রিপোর্ট তৈরি করেছি 
[Top Skills]: ডেটা অ্যানালাইসিস: এক্সেল, গুগল শিটস, এসকিউএল (বেসিক), ডেটা ভিজুয়ালাইজেশন: পাওয়ার বিআই, প্রপার্টি ম্যানেজমেন্ট সিস্টেম (PMS) ডেটা অ্যানালাইসিস, হোটেল অপারেশনস ও কাস্টমার সার্ভিস এক্সিলেন্স, যোগাযোগ দক্ষতা (বাংলা ও ইংরেজি)"
resume_16.txt,"[Objective]: একজন ফ্লাটার ডেভেলপার হিসেবে একটি ইনোভেটিভ টিমে যোগদান করা, যেখানে আমি ক্রস-প্ল্যাটফর্ম মোবাইল অ্যাপ্লিকেশন ডেভেলপমেন্টের মাধ্যমে ব্যবহারকারীর অভিজ্ঞতা উন্নত করতে পারি 
[Education]: বিএসসি ইন সফটওয়্যার ইঞ্জিনিয়ারিং 
[Experience Highlights]: অ্যাপ ইনোভেশনস লিমিটেড মার্চ ২০২১ - বর্তমান | RESTful API এর সাথে ইন্টিগ্রেশন এবং State Management (Provider, Bloc) বাস্তবায়ন 
[Top Skills]: প্রোগ্রামিং ভাষা: Dart, Java, ফ্রেমওয়ার্ক: Flutter, Firebase, টুলস: Git, Android Studio, VS Code, API ইন্টিগ্রেশন (REST)"
resume_17.txt,"[Objective]: ল্যাবরেটরি টেস্ট ও গবেষণা সংক্রান্ত ডেটা বিশ্লেষণের মাধ্যমে জনস্বাস্থ্য ও কোয়ালিটি কন্ট্রোল প্রক্রিয়া উন্নয়নে গুরুত্বপূর্ণ ভূমিকা রাখতে আগ্রহী 
[Education]: এমএসসি ইন মাইক্রোবায়োলজি 
[Experience Highlights]: এক্সেল ও এসপিএসএস ব্যবহার করে রক্ত, মূত্র এবং অন্যান্য নমুনার মাইক্রোবায়োলজিক্যাল টেস্টের ডেটা সংগ্রহ ও অ্যানালাইসিস করেছি | ব্যাকটেরিয়া কালচার ও অ্যান্টিবায়োটিক সেনসিটিভিটি টেস্টিংয়ের ডেটা ট্র্যাক করে রেজিস্ট্যান্স প্যাটার্ন অ্যানালাইসিস রিপোর্ট তৈরি করেছি 
[Top Skills]: ডেটা অ্যানালাইসিস: এক্সেল, এসপিএসএস, এসকিউএল (বেসিক), ডেটা ভিজুয়ালাইজেশন: পাওয়ার বিআই, মাইক্রোবায়োলজিক্যাল অ্যাসেস ডেটা ম্যানেজমেন্ট, ল্যাবরেটরি টেকনিক ও গুড ল্যাবরেটরি প্র্যাকটিস (GLP), রিসার্চ মেথডোলজি"
resume_18.txt,"[Objective]: নিরাপত্তা সংক্রান্ত লগ ডেটা বিশ্লেষণ ও থ্রেট ইন্টেলিজেন্সের মাধ্যমে প্রতিষ্ঠানের সাইবার নিরাপত্তা ব্যবস্থা শক্তিশালী করতে গুরুত্বপূর্ণ ভূমিকা রাখতে আগ্রহী 
[Education]: বিএসসি ইন কম্পিউটার সায়েন্স অ্যান্ড ইঞ্জিনিয়ারিং 
[Experience Highlights]: এক্সেল ও এসকিউএল ব্যবহার করে SIEM টুলস থেকে সংগৃহীত নেটওয়ার্ক সিকিউরিটি লগ ডেটা সংগ্রহ ও অ্যানালাইসিস করেছি | নেটওয়ার্ক সিকিউরিটি ইন্টার্ন | 
[Top Skills]: ডেটা অ্যানালাইসিস: এক্সেল, এসকিউএল (বেসিক), ডেটা ভিজুয়ালাইজেশন: পাওয়ার বিআই, সিকিউরিটি লগ অ্যানালাইসিস (SIEM টুলস - Splunk), থ্রেট হান্টিং ও ভালনারেবিলিটি ম্যানেজমেন্ট, টুলস: Wireshark, Nessus (বেসিক)"
resume_19.txt,"[Objective]: ফ্যাশন ডিজাইন ও ট্রেন্ড অ্যানালিসিসের জন্য ডিজিটাল টুল এবং অটোমেশন সলিউশন ডেভেলপমেন্টের মাধ্যমে ফ্যাশন ইন্ডাস্ট্রির ডিজিটাল রূপান্তরে গুরুত্বপূর্ণ ভূমিকা রাখতে আগ্রহী 
[Education]: বিএফএ (ফ্যাশন ডিজাইন) 
[Experience Highlights]: পাইথন ও জ্যাঙ্গো ফ্রেমওয়ার্ক ব্যবহার করে ফ্যাশন ডিজাইন অ্যাসেট ম্যানেজমেন্ট সিস্টেম ডেভেলপ করেছি যা ডিজাইন, ফ্যাব্রিক ও প্রোডাকশন ডেটা সংরক্ষণ ও ট্র্যাক করতে সক্ষম | ফ্যাশন ডিজাইনের জন্য ডিজিটাল অ্যাসেট ম্যানেজমেন্ট টুল ডেভেলপমেন্টে সহায়তা করেছি 
[Top Skills]: ফ্রন্টএন্ড ডেভেলপমেন্ট: জাভাস্ক্রিপ্ট, রিঅ্যাক্ট জেএস, ব্যাকএন্ড ডেভেলপমেন্ট: পাইথন, জ্যাঙ্গো, ডেটাবেজ: পোস্টগ্রেএসকিউএল, ডিজাইন সফ্টওয়্যার: Adobe Illustrator, Photoshop, Figma, ফ্যাশন ট্রেন্ড অ্যানালিসিস ও টেক্সটাইল নলেজ, গিট ও ভার্সন কন্ট্রোল"
resume_2.txt,"[Objective]: বড় ডেটাসেট প্রসেসিং এবং স্কেলেবল ডেটা পাইপলাইন নির্মাণের মাধ্যমে প্রতিষ্ঠানের সিদ্ধান্ত গ্রহণ প্রক্রিয়ায় কার্যকর ভূমিকা রাখতে ইচ্ছুক 
[Education]: বিএসসি ইন কম্পিউটার সায়েন্স অ্যান্ড ইঞ্জিনিয়ারিং 
[Experience Highlights]: অ্যাপাচি স্পার্ক এবং পাইথন ব্যবহার করে বড় ডেটাসেটের রিয়েল-টাইম বিশ্লেষণ নিশ্চিত করেছি | এক্সেল এবং পাইথনের মাধ্যমে বিপণন সংক্রান্ত ডেটা ক্লিনিং, ম্যানিপুলেশন এবং অ্যানালাইসিস করেছি 
[Top Skills]: প্রোগ্রামিং: পাইথন, সাইথন, এসকিউএল, বাশ, বিগ ডেটা টুলস: অ্যাপাচি স্পার্ক, হাডুপ, কাফকা, ডেটাবেজ: PostgreSQL, MongoDB, Cassandra, ডেটা ভিজুয়ালাইজেশন: পাওয়ার বিআই, টেবলু, ক্লাউড প্ল্যাটফর্ম: অ্যামাজন ওয়েব সার্ভিসেস (AWS) - S3, Redshift, Glue, ইটিএল অর্কেস্ট্রেশন: Apache Airflow"
resume_20.txt,"[Objective]: লজিস্টিকস ও ইনভেন্টরি সংক্রান্ত ডেটা বিশ্লেষণের মাধ্যমে অপারেশনাল দক্ষতা ও সিদ্ধান্ত গ্রহণ প্রক্রিয়া উন্নয়নে গুরুত্বপূর্ণ ভূমিকা রাখতে আগ্রহী 
[Education]: বিবিএ (সাপ্লাই চেইন ম্যানেজমেন্ট) 
[Experience Highlights]: এক্সেল ও এসকিউএল ব্যবহার করে ডোমেস্টিক ও ইন্টারন্যাশনাল শিপমেন্টের ডেটা সংগ্রহ ও অ্যানালাইসিস করেছি | পাওয়ার বিআই-তে ড্যাশবোর্ড তৈরি করে শিপমেন্ট ডেলিভারি টাইম ও লজিস্টিকস কস্ট মনিটর করেছি 
[Top Skills]: ডেটা অ্যানালাইসিস: এক্সেল, এসকিউএল, ডেটা ভিজুয়ালাইজেশন: পাওয়ার বিআই, ইআরপি সফ্টওয়্যার (SAP MM মডিউল) ডেটা অ্যানালাইসিস, সাপ্লাই চেইন ম্যানেজমেন্ট ও ইনভেন্টরি কন্ট্রোল, শিপিং ও কাস্টমস ডকুমেন্টেশন"
resume_21.txt,"[Objective]: মানসিক স্বাস্থ্য সংক্রান্ত ডেটা ও থেরাপির ফলাফল বিশ্লেষণের মাধ্যমে চিকিৎসা কার্যকারিতা ও রোগীর সেবার মান উন্নয়নে গুরুত্বপূর্ণ ভূমিকা রাখতে আগ্রহী 
[Education]: এমফিল ইন ক্লিনিক্যাল সাইকোলজি 
[Experience Highlights]: এক্সেল ও এসকিউএল ব্যবহার করে রোগীদের সাইকোলজিক্যাল অ্যাসেসমেন্ট (WAIS, Rorschach) ও থেরাপি সেশনের ডেটা সংগ্রহ ও অ্যানালাইসিস করেছি | পাওয়ার বিআই-তে ড্যাশবোর্ড তৈরি করে রোগীর অগ্রগতি ও থেরাপির ফলাফল মনিটর করেছি 
[Top Skills]: ডেটা অ্যানালাইসিস: এক্সেল, এসকিউএল (বেসিক), ডেটা ভিজুয়ালাইজেশন: পাওয়ার বিআই, ক্লিনিক্যাল ডেটা ম্যানেজমেন্ট, সাইকোলজিক্যাল অ্যাসেসমেন্ট ও রিসার্চ মেথডোলজি, সাইকোথেরাপি টেকনিক (CBT, DBT)"
resume_22.txt,"[Objective]: একটি এগ্রো-প্রসেসিং কোম্পানি বা গবেষণা প্রতিষ্ঠানে ইঞ্জিনিয়ার হিসেবে কাজ করা, যেখানে আমি কৃষি যন্ত্রপাতি, সেচ ব্যবস্থা এবং ফলন উন্নয়নে প্রযুক্তিগত সমাধান নিয়ে কাজ করতে পারি 
[Education]: বিএসসি ইন এগ্রিকালচারাল ইঞ্জিনিয়ারিং 
[Experience Highlights]: কৃষি যন্ত্রপাতির performance evaluation এবং maintenance পরিকল্পনা করা | soil and water testing equipment এর calibration এবং maintenance এ সহায়তা করা 
[Top Skills]: ইরিগেশন সিস্টেম ডিজাইন, এগ্রিকালচারাল মেশিনারি, AutoCAD, MATLAB, প্রজেক্ট ম্যানেজমেন্ট"
resume_23.txt,"[Objective]: বিপণন ও বিক্রয় ডেটা থেকে কার্যকর অন্তর্দৃষ্টি বের করে প্রতিষ্ঠানের সিদ্ধান্ত গ্রহণ প্রক্রিয়া ও ব্যবসায়িক প্রবৃদ্ধিতে গুরুত্বপূর্ণ ভূমিকা রাখতে আগ্রহী 
[Education]: বিবিএ (মার্কেটিং) 
[Experience Highlights]: এসকিউএল এবং এক্সেল ব্যবহার করে বিক্রয় ও বিপণন ক্যাম্পেইনের ডেটা সংগ্রহ ও বিশ্লেষণ করেছি | গ্রাহক সেগমেন্টেশন অ্যানালাইসিস করে টার্গেটেড মার্কেটিং স্ট্র্যাটেজি তৈরিতে সহায়তা করেছি 
[Top Skills]: ডেটা অ্যানালাইসিস টুলস: এক্সেল (পাওয়ার কোয়েরি, পিভট টেবিল), এসকিউএল, ডেটা ভিজুয়ালাইজেশন: পাওয়ার বিআই, টেবলু, প্রোগ্রামিং: পাইথন (প্যান্ডাস, নামপাই - বেসিক), স্ট্যাটিস্টিক্যাল অ্যানালাইসিস: ডিসক্রিপটিভ স্ট্যাটিস্টিক্স, ট্রেন্ড অ্যানালাইসিস, ব্যবসায়িক বুদ্ধিমত্তা ও রিপোর্টিং"
resume_24.txt,"[Objective]: চিকিৎসা সংক্রান্ত জটিল ডেটা বিশ্লেষণ ও রিপোর্টিংয়ের মাধ্যমে রোগীর সেবার মান উন্নয়ন এবং হাসপাতালের পরিচালন দক্ষতা বৃদ্ধিতে গুরুত্বপূর্ণ ভূমিকা রাখতে আগ্রহী 
[Education]: বিএসসি ইন রেডিওলজি অ্যান্ড ইমেজিং টেকনোলজি 
[Experience Highlights]: এসকিউএল ব্যবহার করে রোগীর চিকিৎসা ইতিহাস, ডায়াগনস্টিক রিপোর্ট এবং চিকিৎসার ফলাফল সংক্রান্ত ডেটা এক্সট্র্যাক্ট ও ম্যানিপুলেট করেছি | রোগীর ইমেজিং রিপোর্ট এবং অন্যান্য চিকিৎসা সংক্রান্ত তথ্য ডিজিটাল ডেটাবেসে এন্ট্রি ও সংরক্ষণ করেছি 
[Top Skills]: হেলথকেয়ার ডেটা অ্যানালিটিক্স (Coursera), ডেটা অ্যানালাইসিস: এক্সেল (এডভান্সড), এসকিউএল, পাইথন (বেসিক), ডেটা ভিজুয়ালাইজেশন: টেবলু, পাওয়ার বিআই, হেলথকেয়ার ডেটা স্ট্যান্ডার্ড: ইলেকট্রনিক হেলথ রেকর্ড (EHR) সিস্টেম, মেডিকেল টার্মিনোলজি ও রেডিওলজি ইমেজিং প্রক্রিয়া সম্পর্কে গভীর জ্ঞান, পরিসংখ্যানগত বিশ্লেষণ ও রিপোর্টিং"
resume_25.txt,"[Objective]: ইউজার-কেন্দ্রিক, রেস্পন্সিভ এবং পারফরম্যান্ট ওয়েব অ্যাপ্লিকেশন ডেভেলপমেন্টের মাধ্যমে প্রতিষ্ঠানের ডিজিটাল প্রোডাক্টের গুণগত মান ও ইউজার এক্সপিরিয়েন্স উন্নয়নে গুরুত্বপূর্ণ ভূমিকা রাখতে আগ্রহী 
[Education]: বিএসসি ইন কম্পিউটার সায়েন্স অ্যান্ড ইঞ্জিনিয়ারিং 
[Experience Highlights]: রিডাক্স এবং কনটেক্সট এপিআই ব্যবহার করে স্টেট ম্যানেজমেন্ট ইমপ্লিমেন্ট করেছি | ডেভেলপার এবং প্রোডাক্ট ম্যানেজারের সাথে কোলাবোরেশন করে ইউজার ফিডব্যাক অনুযায়ী ফিচার ইমপ্লিমেন্ট করেছি 
[Top Skills]: ফ্রন্টএন্ড টেকনোলজি: রিঅ্যাক্ট জেএস, নেক্সট জেএস, জাভাস্ক্রিপ্ট (ES6+), টাইপস্ক্রিপ্ট, এইচটিএমএল৫, সিএসএস৩, টেইলউইন্ড সিএসএস, সিএসএস-ইন-জেএস (স্টাইলড-কম্পোনেন্টস), স্টেট ম্যানেজমেন্ট: রিডাক্স, কনটেক্সট এপিআই, এপিআই ইন্টিগ্রেশন: রেস্টফুল এপিআই, এক্সিওস, রিঅ্যাক্ট কোয়েরি, ডিজাইন টুলস: ফিগমা (ডিজাইন ফাইল থেকে কোড ইমপ্লিমেন্টেশন), ভার্সন কন্ট্রোল: গিট, গিটহাব, টেস্টিং ও ডিবাগিং: জেস্ট, রিঅ্যাক্ট টেস্টিং লাইব্রেরি (বেসিক), অ্যাজাইল মেথোডোলজি: স্ক্রাম"
resume_26.txt,"[Objective]: অ্যাডভান্সড মেশিন লার্নিং মডেল ও প্রেডিকটিভ অ্যানালিটিক্সের মাধ্যমে ইনভেস্টমেন্ট স্ট্র্যাটেজি অপটিমাইজ এবং ফাইন্যান্সিয়াল মার্কেটের জটিল সমস্যা সমাধানে গুরুত্বপূর্ণ ভূমিকা রাখতে আগ্রহী 
[Education]: এমবিএ (ফাইন্যান্স) 
[Experience Highlights]: বিভিন্ন কোম্পানির ফাইন্যান্সিয়াল স্টেটমেন্ট অ্যানালাইসিস করে ডেটাসেট তৈরি করেছি | পাইথনে এক্সপ্লোরেটরি ডেটা অ্যানালাইসিস (EDA) করে সিনিয়র অ্যানালিস্টদের রিপোর্ট তৈরিতে সহায়তা করেছি 
[Top Skills]: প্রোগ্রামিং ল্যাঙ্গুয়েজ: পাইথন (প্যান্ডাস, নামপাই, স্কিকিট-লার্ন, টেনসরফ্লো), আর, এসকিউএল, মেশিন লার্নিং: টাইম সিরিজ অ্যানালাইসিস (ARIMA, LSTM), রিগ্রেশন, ক্লাসিফিকেশন, ক্লাস্টারিং, ফাইন্যান্সিয়াল অ্যানালিটিক্স: ফাইন্যান্সিয়াল মডেলিং, ভ্যালুয়েশন, রিস্ক ম্যানেজমেন্ট (VaR), ডেটা ভিজুয়ালাইজেশন: টেবলু, ম্যাটপ্লটলিব, সিবোর্ন, ন্যাচারাল ল্যাঙ্গুয়েজ প্রসেসিং: টেক্সট প্রসেসিং, সেন্টিমেন্ট অ্যানালাইসিস (এনএলপি), বিগ ডেটা টেকনোলজি: অ্যাপাচি স্পার্ক (বেসিক)"
resume_27.txt,"[Objective]: পর্যটন সংক্রান্ত ডেটা সংগ্রহ ও বিশ্লেষণ করে মার্কেট ট্রেন্ড সনাক্তকরণ এবং ভ্রমণ পরিকল্পনা উন্নয়নের মাধ্যমে প্রতিষ্ঠানের ব্যবসায়িক সিদ্ধান্ত গ্রহণ প্রক্রিয়ায় গুরুত্বপূর্ণ ভূমিকা রাখতে আগ্রহী 
[Education]: পেশাদার সার্টিফিকেট ইন ডেটা অ্যানালিটিক্স 
[Experience Highlights]: এক্সেল এবং এসকিউএল ব্যবহার করে পর্যটকদের পছন্দ, ভ্রমণের সময় ও ব্যয় সংক্রান্ত ট্রেন্ড অ্যানালাইসিস করেছি | পর্যটক সন্তুষ্টি জরিপের ডেটা অ্যানালাইসিস করে ভ্রমণ পরিকল্পনা ও সেবার মান উন্নয়নে সুপারিশ প্রদান করেছি 
[Top Skills]: ডেটা অ্যানালাইসিস টুলস: এক্সেল (পাওয়ার কোয়েরি, পিভট টেবিল), এসকিউএল, ডেটা ভিজুয়ালাইজেশন: পাওয়ার বিআই, টেবলু, প্রোগ্রামিং: পাইথন (প্যান্ডাস, নামপাই - বেসিক), পরিসংখ্যানগত অ্যানালাইসিস: ডিসক্রিপটিভ স্ট্যাটিস্টিক্স, ট্রেন্ড অ্যানালাইসিস, যোগাযোগ ও উপস্থাপনা দক্ষতা (বাংলা, ইংরেজি, হিন্দি)"
resume_28.txt,"[Objective]: ইঞ্জিনিয়ারিং সিমুলেশন সফটওয়্যার ডেভেলপমেন্ট এবং অ্যালগরিদম অপটিমাইজেশনের মাধ্যমে জটিল স্ট্রাকচারাল বিশ্লেষণ ও ডিজাইন প্রক্রিয়াকে স্বয়ংক্রিয় ও উন্নত করতে গুরুত্বপূর্ণ ভূমিকা রাখতে আগ্রহী 
[Education]: বিএসসি ইন সিভিল ইঞ্জিনিয়ারিং 
[Experience Highlights]: সি++ এবং পাইথন ব্যবহার করে ফিনাইট এলিমেন্ট অ্যানালাইসিস (FEA) সফটওয়্যারের জন্য নিউমেরিক্যাল সল্ভার ডেভেলপ ও অপটিমাইজ করেছি | বিদ্যমান সিমুলেশন সফটওয়্যারে বাগ ফিক্স ও ফিচার আপডেট করেছি 
[Top Skills]: প্রোগ্রামিং ল্যাঙ্গুয়েজ: পাইথন (নামপাই, সাইপাই), সি++, ফোরট্রান (বেসিক), কম্পিউটেশনাল মেকানিক্স: ফিনাইট এলিমেন্ট অ্যানালাইসিস (FEA), নিউমেরিক্যাল মেথডস, সিমুলেশন সফটওয়্যার: ETABS, STAADPro, SAP2000 (ইউজার), ওপেনসোর্স FEA লাইব্রেরি, ডেটা ভিজুয়ালাইজেশন: ম্যাটপ্লটলিব, ম্যাটল্যাব, ভার্সন কন্ট্রোল: গিট, গিটহাব, ইঞ্জিনিয়ারিং স্ট্যান্ডার্ড: Building Codes (BNBC, ACI) সম্পর্কে ধারণা"
resume_29.txt,"[Objective]: একটি প্রতিষ্ঠানে কাস্টমার সার্ভিস ম্যানেজার হিসেবে দায়িত্ব পালন করা, যেখানে আমি সার্ভিস কোয়ালিটি উন্নত, কাস্টমার স্যাটিসফ্যাকশন বৃদ্ধি এবং টিম ম্যানেজমেন্টের মাধ্যমে প্রতিষ্ঠানের লক্ষ্য অর্জনে ভূমিকা রাখতে পারি 
[Education]: এমবিএ (মার্কেটিং) 
[Experience Highlights]: কাস্টমার সার্ভিস ম্যানেজার | | কাস্টমার কমপ্লেইন্ট এবং ফিডব্যাক অ্যানালিসিস করে সার্ভিস উন্নয়নের পদক্ষেপ নেয়া 
[Top Skills]: টিম লিডারশিপ ও ম্যানেজমেন্ট, কাস্টমার রিলেশনশিপ ম্যানেজমেন্ট (CRM), performance metrics অ্যানালিসিস, conflict resolution"
resume_3.txt,"[Objective]: একজন জুনিয়র সফ্টওয়্যার ডেভেলপার হিসেবে ক্যারিয়ার শুরু করা, যেখানে আমি আমার প্রোগ্রামিং জ্ঞান এবং সমস্যা সমাধানের দক্ষতা কাজে লাগিয়ে শিখতে ও বৃদ্ধি করতে পারি 
[Education]: বিএসসি ইন কম্পিউটার সায়েন্স অ্যান্ড ইঞ্জিনিয়ারিং 
[Experience Highlights]: সফ্টওয়্যার ডেভেলপমেন্ট ইন্টার্ন | একটি কোম্পানির ইন্টার্নাল ম্যানেজমেন্ট সিস্টেমের UI কম্পোনেন্ট Reactjs ব্যবহার করে ডেভেলপ করা 
[Top Skills]: প্রোগ্রামিং ভাষা: পাইথন, জাভা, সি, জাভাস্ক্রিপ্ট, ওয়েব টেকনোলজি: HTML, CSS, Reactjs, Nodejs, ডাটাবেজ: MySQL, Firebase, টুলস: Git, VS Code, Android Studio"
resume_30.txt,"[Objective]: মেডিকেল ইকুইপমেন্টের জন্য এমবেডেড সফটওয়্যার ও ডেটা অ্যাকুইজিশন সিস্টেম ডেভেলপমেন্টের মাধ্যমে স্বাস্থ্যসেবা প্রযুক্তির উন্নয়নে গুরুত্বপূর্ণ ভূমিকা রাখতে আগ্রহী 
[Education]: বিএসসি ইন বায়োমেডিকাল ইঞ্জিনিয়ারিং 
[Experience Highlights]: সি এবং সি++ প্রোগ্রামিং ভাষায় মাইক্রোকন্ট্রোলার (STM32, Arduino) ভিত্তিক এমবেডেড সফটওয়্যার ডেভেলপ করেছি যা ভেন্টিলেটর ও ইসিজি মেশিনের সেন্সর ডেটা প্রসেসিং ও কন্ট্রোল করে | পাইথন ও প্যান্ডাস লাইব্রেরি ব্যবহার করে বিভিন্ন মেডিকেল ডিভাইস থেকে সংগৃহীত ডেটা প্রসেসিং ও অ্যানালাইসিসের টুল ডেভেলপ করেছি 
[Top Skills]: এমবেডেড সিস্টেম প্রোগ্রামিং: সি, সি++, এমবেডেড সি, আরটিওএস, মাইক্রোকন্ট্রোলার: STM32, Arduino, ESP32, সিগন্যাল প্রসেসিং: ম্যাটল্যাব, পাইথন (SciPy, NumPy), ফিজিওলজিক্যাল সিগন্যাল প্রসেসিং (ইসিজি, ইইজি), কমিউনিকেশন প্রোটোকল: UART, I2C, SPI, Modbus, MQTT, ব্লুটুথ, ওয়াই-ফাই, ডেটা অ্যানালাইসিস: পাইথন (প্যান্ডাস, ম্যাটপ্লটলিব), টুলস ও টেকনোলজি: অল্টিয়াম ডিজাইনার (বেসিক), প্রোটিয়াস, গিট, জিরা, মেডিকেল ইকুইপমেন্ট নলেজ: ভেন্টিলেটর, ইসিজি মেশিন, অ্যানেস্থেসিয়া ওয়ার্কস্টেশন এর কার্যপ্রণালী সম্পর্কে গভীর ধারণা"
resume_31.txt,"[Objective]: কন্টেন্ট পারফরম্যান্স ও অডিয়েন্স ইনসাইট অ্যানালাইসিসের মাধ্যমে ডেটা-চালিত সোশ্যাল মিডিয়া স্ট্র্যাটেজি তৈরিতে গুরুত্বপূর্ণ ভূমিকা রাখতে আগ্রহী 
[Education]: বিএ (ইংরেজি সাহিত্য) 
[Experience Highlights]: এক্সেল ও গুগল শিটস ব্যবহার করে সোশ্যাল মিডিয়া ক্যাম্পেইনের ডেটা ট্র্যাক ও অ্যানালাইসিস করেছি | বিভিন্ন ব্র্যান্ডের সোশ্যাল মিডিয়া কন্টেন্টের পারফরম্যান্স ট্র্যাক করে রিপোর্ট তৈরি করেছি 
[Top Skills]: ডেটা অ্যানালাইসিস: এক্সেল, গুগল শিটস, সোশ্যাল মিডিয়া অ্যানালিটিক্স: Facebook Insights, Instagram Analytics, ডেটা ভিজুয়ালাইজেশন: পাওয়ার বিআই (বেসিক), কন্টেন্ট স্ট্র্যাটেজি ও কমিউনিটি ম্যানেজমেন্ট"
resume_32.txt,"[Objective]: ফুড প্রোডাকশন ও কোয়ালিটি ডেটা অ্যানালাইসিসের মাধ্যমে প্রোডাক্ট ডেভেলপমেন্ট ও অপারেশনাল দক্ষতা উন্নয়নে গুরুত্বপূর্ণ ভূমিকা রাখতে আগ্রহী 
[Education]: বিএসসি ইন ফুড টেকনোলজি 
[Experience Highlights]: এক্সেল ও এসকিউএল ব্যবহার করে কোয়ালিটি কন্ট্রোল টেস্টের ডেটা সংগ্রহ ও অ্যানালাইসিস করেছি | পাওয়ার বিআই-তে ড্যাশবোর্ড তৈরি করে কোয়ালিটি ইস্যু ও প্রোডাকশন পারফরম্যান্স মনিটর করেছি 
[Top Skills]: ডেটা অ্যানালাইসিস: এক্সেল, এসকিউএল (বেসিক), ডেটা ভিজুয়ালাইজেশন: পাওয়ার বিআই, কোয়ালিটি কন্ট্রোল ডেটা ম্যানেজমেন্ট, ফুড সেফটি স্ট্যান্ডার্ড (HACCP, GMP) ও ল্যাবরেটরি টেস্টিং"
resume_33.txt,"[Objective]: শিক্ষার্থীদের পারফরম্যান্স ডেটা অ্যানালাইসিস করে শিক্ষার মান উন্নয়ন ও পাঠ পরিকল্পনা অপটিমাইজেশনে গুরুত্বপূর্ণ ভূমিকা রাখতে আগ্রহী 
[Education]: পেশাদার সার্টিফিকেট ইন ডেটা অ্যানালিটিক্স 
[Experience Highlights]: শিক্ষার্থীদের পারফরম্যান্স ট্র্যাক করে ট্রেন্ড অ্যানালাইসিস রিপোর্ট তৈরি করেছি | IELTS পরীক্ষার্থীদের স্পিকিং ও রাইটিং মডিউলের পারফরম্যান্স ডেটা সংগ্রহ ও এক্সেলে রিপোর্ট তৈরি করেছি 
[Top Skills]: ডেটা অ্যানালাইসিস: এক্সেল, এসকিউএল, ডেটা ভিজুয়ালাইজেশন: পাওয়ার বিআই, শিক্ষার্থী পারফরম্যান্স অ্যাসেসমেন্ট ও ইভ্যালুয়েশন, শিক্ষা সংক্রান্ত ডেটা ম্যানেজমেন্ট, কমিউনিকেশন ও উপস্থাপনা দক্ষতা"
resume_34.txt,"[Objective]: রিয়েল এস্টেট মার্কেট ট্রেন্ড অ্যানালাইসিস ও প্রপার্টি ভ্যালুয়েশন ডেটা ম্যানেজমেন্টের মাধ্যমে প্রতিষ্ঠানের ব্যবসায়িক সিদ্ধান্ত গ্রহণ প্রক্রিয়ায় গুরুত্বপূর্ণ ভূমিকা রাখতে আগ্রহী 
[Education]: বিবিএ (মার্কেটিং) 
[Experience Highlights]: পাওয়ার বিআই-তে ড্যাশবোর্ড তৈরি করে প্রপার্টি সেলস পারফরম্যান্স মনিটর করেছি | প্রপার্টি লিস্টিং ও ক্লায়েন্ট ডেটা সংগ্রহ করে এক্সেলে রিপোর্ট তৈরি করেছি 
[Top Skills]: ডেটা অ্যানালাইসিস: এক্সেল, গুগল শিটস, ডেটা ভিজুয়ালাইজেশন: পাওয়ার বিআই (বেসিক), প্রপার্টি মার্কেট ট্রেন্ড অ্যানালাইসিস, সেলস ডেটা ম্যানেজমেন্ট, বেসিক প্রপার্টি ভ্যালুয়েশন ও রেগুলেশন নলেজ"
resume_35.txt,"[Objective]: ডিজিটাল লাইব্রেরি সিস্টেম ও গবেষণা ডেটাবেস থেকে তথ্য সংগ্রহ ও অ্যানালাইসিসের মাধ্যমে প্রতিষ্ঠানের তথ্য ব্যবস্থাপনা ও গবেষণা কার্যক্রম উন্নয়নে গুরুত্বপূর্ণ ভূমিকা রাখতে আগ্রহী 
[Education]: এমএ ইন লাইব্রেরি অ্যান্ড ইনফরমেশন সায়েন্স 
[Experience Highlights]: এক্সেল ও এসকিউএল ব্যবহার করে লাইব্রেরি ম্যানেজমেন্ট সিস্টেম (Koha) থেকে বই issue-return ও ব্যবহারকারীর ডেটা সংগ্রহ ও অ্যানালাইসিস করেছি | পাওয়ার বিআই-তে ড্যাশবোর্ড তৈরি করে লাইব্রেরি রিসোর্সের ব্যবহার ও ট্রেন্ড মনিটর করেছি 
[Top Skills]: ডেটা অ্যানালাইসিস: এক্সেল, এসকিউএল (বেসিক), ডেটা ভিজুয়ালাইজেশন: পাওয়ার বিআই (বেসিক), লাইব্রেরি ম্যানেজমেন্ট সিস্টেম (Koha), তথ্য সংগ্রহ ও ব্যবস্থাপনা (Information Retrieval), ডিজিটাল লাইব্রেরি আর্কাইভিং"
resume_36.txt,"[Objective]: একজন ডাটা সায়েন্টিস্ট হিসেবে একটি ডাটা-ড্রিভেন প্রতিষ্ঠানে যোগদান করা, যেখানে আমি মেশিন লার্নিং মডেল ডেভেলপমেন্ট এবং প্রেডিক্টিভ অ্যানালিটিক্সের মাধ্যমে ব্যবসায়িক সমস্যার সমাধান করতে পারি 
[Education]: বিএসসি ইন কম্পিউটার সায়েন্স অ্যান্ড ইঞ্জিনিয়ারিং 
[Experience Highlights]: জুনিয়র ডাটা সায়েন্টিস্ট | | SQL কুয়েরি ব্যবহার করে ডাটাবেস থেকে ডাটা এক্সট্রাক্ট এবং প্রাথমিক বিশ্লেষণ করা 
[Top Skills]: প্রোগ্রামিং: Python, R, SQL, লাইব্রেরি: Pandas, NumPy, Scikit-learn, TensorFlow, মেশিন লার্নিং অ্যালগরিদম, ডাটা ভিজুয়ালাইজেশন: Matplotlib, Seaborn, Power BI"
resume_37.txt,"[Objective]: একটি আই হাসপাতাল বা অপ্টিক্যাল সেন্টারে অপথোমেট্রিস্ট হিসেবে দায়িত্ব পালন করা, যেখানে আমি চোখের রোগ নির্ণয়, ভিশন থেরাপি এবং উপযুক্ত চশমা বা কন্টাক্ট লেন্সের পরামর্শ দিয়ে রোগীদের সেবা করতে পারি 
[Education]: বিএসসি ইন অপথোমেট্রি 
[Experience Highlights]: রেজিস্ট্রার্ড অপথোমেট্রিস্ট | | অপথোমেট্রি ইন্টার্ন 
[Top Skills]: চোখের রোগ নির্ণয়, অপথোমেট্রিক ইকুইপমেন্ট অপারেশন, ভিশন থেরাপি, রোগীর সাথে যোগাযোগ"
resume_38.txt,"[Objective]: স্কেলেবল ডেটা পাইপলাইন নির্মাণ, ইটিএল প্রসেস অটোমেশন এবং ডেটা ইনফ্রাস্ট্রাকচার ম্যানেজমেন্টের মাধ্যমে প্রতিষ্ঠানের ডেটা-চালিত সিদ্ধান্ত গ্রহণ প্রক্রিয়ায় গুরুত্বপূর্ণ ভূমিকা রাখতে আগ্রহী 
[Education]: বিএসসি ইন কম্পিউটার সায়েন্স অ্যান্ড ইঞ্জিনিয়ারিং 
[Experience Highlights]: ডকার ব্যবহার করে ডেটা প্রসেসিং এনভায়রনমেন্ট কন্টেইনারাইজ করেছি | বাশ স্ক্রিপ্টিং ব্যবহার করে ডেটা ব্যাকআপ ও রিকভারি প্রসেস অটোমেট করেছি 
[Top Skills]: ইটিএল অর্কেস্ট্রেশন: অ্যাপাচি এয়ারফ্লো, প্রোগ্রামিং: পাইথন (প্যান্ডাস), এসকিউএল, বাশ, ক্লাউড প্ল্যাটফর্ম: AWS (S3, Redshift, Glue, Lambda), Microsoft Azure (বেসিক), ডেটাবেজ: PostgreSQL, MySQL, কন্টেইনারাইজেশন: ডকার, বিগ ডেটা টেকনোলজি: অ্যাপাচি স্পার্ক (বেসিক)"
resume_39.txt,"[Objective]: জটিল আর্থিক ডেটা বিশ্লেষণ ও রিপোর্টিংয়ের মাধ্যমে প্রতিষ্ঠানের বাজেটিং, ফোরকাস্টিং ও কৌশলগত সিদ্ধান্ত গ্রহণ প্রক্রিয়ায় গুরুত্বপূর্ণ ভূমিকা রাখতে আগ্রহী 
[Education]: ইনস্টিটিউট অফ চার্টার্ড অ্যাকাউন্ট্যান্টস অফ বাংলাদেশ (ICAB) 
[Experience Highlights]: সিনিয়র ফাইন্যান্সিয়াল অ্যানালিস্ট | | ফাইন্যান্সিয়াল ডেটা ক্লিনিং ও মডেলিং করেছি 
[Top Skills]: ডেটা অ্যানালাইসিস: এক্সেল (পাওয়ার কোয়েরি, পিভট টেবিল), এসকিউএল, ডেটা ভিজুয়ালাইজেশন: পাওয়ার বিআই, ফাইন্যান্সিয়াল রিপোর্টিং ও অ্যানালিসিস, বাজেটিং ও ফোরকাস্টিং, অ্যাকাউন্টিং সফ্টওয়্যার: SAP FICO (বেসিক), ফাইন্যান্সিয়াল মডেলিং"
resume_4.txt,"[Objective]: মেশিন লার্নিং মডেল এবং প্রেডিকটিভ অ্যানালিটিক্সের মাধ্যমে জটিল ব্যবসায়িক চ্যালেঞ্জ সমাধান করে প্রতিষ্ঠানের ডেটা-চালিত সিদ্ধান্ত গ্রহণ প্রক্রিয়ায় গুরুত্বপূর্ণ ভূমিকা রাখতে আগ্রহী 
[Education]: বিএসসি ইন কম্পিউটার সায়েন্স অ্যান্ড ইঞ্জিনিয়ারিং 
[Experience Highlights]: এসকিউএল ব্যবহার করে বড় ডেটাবেস থেকে ডেটা এক্সট্র্যাক্ট, ক্লিন এবং প্রিপ্রসেস করেছি | এক্সেল এবং পাওয়ার বিআই-এর মাধ্যমে সেলস এবং মার্কেটিং ড্যাশবোর্ড তৈরি করেছি 
[Top Skills]: প্রোগ্রামিং ল্যাঙ্গুয়েজ: পাইথন, আর, এসকিউএল, মেশিন লার্নিং: স্কিকিট-লার্ন, টেনসরফ্লো, কেরাস, পাইটর্চ, ডেটা ম্যানিপুলেশন: প্যান্ডাস, নামপাই, dplyr, ডেটা ভিজুয়ালাইজেশন: টেবলু, পাওয়ার বিআই, ম্যাটপ্লটলিব, সিবোর্ন, ggplot2, বিগ ডেটা টেকনোলজি: অ্যাপাচি স্পার্ক (বেসিক), হাডুপ (বেসিক), ভার্সন কন্ট্রোল: গিট, গিটহাব"
resume_40.txt,"[Objective]: প্রাণীর রোগ সংক্রান্ত ডেটা ও চিকিৎসা ইতিহাস বিশ্লেষণ করে রোগ প্রতিরোধ ও স্বাস্থ্য ব্যবস্থাপনা উন্নয়নে গুরুত্বপূর্ণ ভূমিকা রাখতে আগ্রহী 
[Education]: ডক্টর অফ ভেটেরিনারি মেডিসিন (DVM) 
[Experience Highlights]: মার্চ ২০২০ - বর্তমান | টিকা, সার্জারি ও চিকিৎসার ফলাফল সংক্রান্ত ডেটা ট্র্যাক করে ট্রেন্ড অ্যানালাইসিস রিপোর্ট তৈরি করেছি 
[Top Skills]: ডেটা অ্যানালাইসিস: এক্সেল, এসকিউএল (বেসিক), ডেটা ভিজুয়ালাইজেশন: পাওয়ার বিআই, ইলেকট্রনিক মেডিকেল রেকর্ড (EMR) ডেটা ম্যানেজমেন্ট, রোগ নির্ণয় ও চিকিৎসা সংক্রান্ত ডেটা ট্র্যাকিং, ভেটেরিনারি মেডিসিন ও পাবলিক হেলথ নলেজ"
resume_41.txt,"[Objective]: প্রোডাকশন ডেটা ও অপারেশনাল মেট্রিক্স অ্যানালাইসিসের মাধ্যমে উৎপাদন প্রক্রিয়ার দক্ষতা বৃদ্ধি ও সিদ্ধান্ত গ্রহণ প্রক্রিয়ায় গুরুত্বপূর্ণ ভূমিকা রাখতে আগ্রহী 
[Education]: বিএসসি ইন ইন্ডাস্ট্রিয়াল অ্যান্ড প্রডাকশন ইঞ্জিনিয়ারিং 
[Experience Highlights]: এক্সেল ও মিনিট্যাব ব্যবহার করে প্রোডাকশন লাইনের ওয়ার্কফ্লো ডেটা সংগ্রহ ও অ্যানালাইসিস করেছি | প্রোডাকশন শিডিউল ও মেটেরিয়াল রিকোয়ারমেন্টের ডেটা সংগ্রহ করে এক্সেলে রিপোর্ট তৈরি করেছি 
[Top Skills]: ডেটা অ্যানালাইসিস: এক্সেল, মিনিট্যাব, ডেটা ভিজুয়ালাইজেশন: পাওয়ার বিআই, প্রসেস অপ্টিমাইজেশন, কোয়ালিটি ম্যানেজমেন্ট সিস্টেমস (ISO 9001), লীন ম্যানুফ্যাকচারিং প্রিন্সিপালস"
resume_42.txt,"[Objective]: নেটওয়ার্ক পারফরম্যান্স ডেটা বিশ্লেষণ ও অপটিমাইজেশনের মাধ্যমে প্রতিষ্ঠানের সার্ভিস কোয়ালিটি উন্নয়নে গুরুত্বপূর্ণ ভূমিকা রাখতে আগ্রহী 
[Education]: বিএসসি ইন ইলেক্ট্রনিক অ্যান্ড টেলিকমিউনিকেশন ইঞ্জিনিয়ারিং 
[Experience Highlights]: নেটওয়ার্ক মনিটরিং টুলস থেকে সংগৃহীত ডেটা ট্র্যাক করে ফল্ট অ্যানালাইসিস রিপোর্ট তৈরি করেছি | পাওয়ার বিআই-তে ড্যাশবোর্ড তৈরি করে নেটওয়ার্ক পারফরম্যান্স মেট্রিক্স মনিটর করেছি 
[Top Skills]: ডেটা অ্যানালাইসিস: এক্সেল, এসকিউএল (বেসিক), ডেটা ভিজুয়ালাইজেশন: পাওয়ার বিআই, নেটওয়ার্ক পারফরম্যান্স অ্যানালাইসিস, টেলিকম নেটওয়ার্ক (4G/LTE, Fiber Optics) সম্পর্কে জ্ঞান, নেটওয়ার্ক মনিটরিং টুলস"
resume_43.txt,"[Objective]: স্বাস্থ্য খাতের নীতি ও কার্যক্রমের অর্থনৈতিক প্রভাব মূল্যায়নে ডেটা-চালিত বিশ্লেষণের মাধ্যমে সিদ্ধান্ত গ্রহণ প্রক্রিয়ায় গুরুত্বপূর্ণ ভূমিকা রাখতে আগ্রহী 
[Education]: লন্ডন স্কুল অফ হাইজিন অ্যান্ড ট্রপিক্যাল মেডিসিন (দূরশিক্ষণ) (২০১৯-২০২১) 
[Experience Highlights]: ডেটা বিশ্লেষক (হেলথ ইকোনমিক্স) | | | ইনস্টিটিউট অফ হেলথ ইকোনমিক্স 
[Top Skills]: ডেটা অ্যানালাইসিস: এসটিএটিএ, আর, এক্সেল, ডেটা ভিজুয়ালাইজেশন: পাওয়ার বিআই, হেলথ ইকোনমিক্স মেথডস (CEA, CBA), হেলথ পলিসি অ্যানালিসিস, রিসার্চ মেথডোলজি"
resume_44.txt,"[Objective]: একটি ক্রিয়েটিভ টিমে ফ্রন্ট-এন্ড ডেভেলপার হিসেবে যোগদান করা, যেখানে আমি Reactjs এবং modern JavaScript এর মাধ্যমে responsive, performant এবং user-friendly ওয়েব অ্যাপ্লিকেশন তৈরি করতে পারি 
[Education]: বিএসসি ইন কম্পিউটার সায়েন্স অ্যান্ড ইঞ্জিনিয়ারিং 
[Experience Highlights]: ওয়েব ক্রাফ্ট লিমিটেড আগস্ট ২০২০ - বর্তমান | ওয়েব ডেভেলপমেন্ট ইন্টার্ন 
[Top Skills]: ভাষা: JavaScript (ES6+), TypeScript, HTML5, CSS3, ফ্রেমওয়ার্ক/লাইব্রেরি: Reactjs, Nextjs, Vuejs, স্টেট ম্যানেজমেন্ট: Redux, Context API, টুলস: Git, Webpack, npm/yarn"
resume_45.txt,"[Objective]: বর্জ্য ব্যবস্থাপনা, পানি শোধন ও পরিবেশগত প্রভাব সংক্রান্ত ডেটা বিশ্লেষণের মাধ্যমে টেকসই উন্নয়ন ও সিদ্ধান্ত গ্রহণ প্রক্রিয়ায় গুরুত্বপূর্ণ ভূমিকা রাখতে আগ্রহী 
[Education]: সিজিপিএ: ৩৪০/৪০০ (২০১৬-২০২০) 
[Experience Highlights]: এনভায়রনমেন্টাল ইমপ্যাক্ট অ্যাসেসমেন্ট (ইআইএ) রিপোর্টের জন্য ডেটা ট্র্যাক করে এনালাইসিস রিপোর্ট তৈরি করেছি | ল্যান্ডফিল সাইট অপারেশনের ডেটা সংগ্রহ করে এক্সেলে রিপোর্ট তৈরি করেছি 
[Top Skills]: ডেটা অ্যানালাইসিস: এক্সেল, এসকিউএল (বেসিক), ডেটা ভিজুয়ালাইজেশন: পাওয়ার বিআই, এনভায়রনমেন্টাল ডেটা ম্যানেজমেন্ট, ওয়েস্টওয়াটার ট্রিটমেন্ট (ইটিপি/এসটিপি) ডেটা অ্যানালাইসিস, এনভায়রনমেন্টাল ইমপ্যাক্ট অ্যাসেসমেন্ট (ইআইএ) ও রেগুলেশনস"
resume_46.txt,"[Objective]: ইন্টারেক্টিভ অ্যানিমেশন ও ভিজুয়াল ইফেক্টস তৈরির টুল এবং ওয়েব-ভিত্তিক মাল্টিমিডিয়া অ্যাপ্লিকেশন ডেভেলপমেন্টের মাধ্যমে ডিজিটাল কন্টেন্ট তৈরির প্রক্রিয়ায় গুরুত্বপূর্ণ ভূমিকা রাখতে আগ্রহী 
[Education]: বিএফএ (গ্রাফিক ডিজাইন) 
[Experience Highlights]: জাভাস্ক্রিপ্ট এবং Threejs লাইব্রেরি ব্যবহার করে ওয়েব-ভিত্তিক 3D অ্যানিমেশন এবং ইন্টারেক্টিভ ভিজুয়াল ইফেক্ট ডেভেলপ করেছি | পাইথন ও জ্যাঙ্গো ব্যবহার করে অ্যানিমেশন প্রজেক্ট ম্যানেজমেন্ট টুল ডেভেলপমেন্টে সহায়তা করেছি 
[Top Skills]: ফ্রন্টএন্ড ডেভেলপমেন্ট: জাভাস্ক্রিপ্ট, রিঅ্যাক্ট জেএস, Threejs, ওয়েবজিএল, ব্যাকএন্ড ডেভেলপমেন্ট: পাইথন, জ্যাঙ্গো, ডেটাবেজ: মাইএসকিউএল, ক্রিয়েটিভ টুলস: Adobe After Effects, Premiere Pro (স্ক্রিপ্টিং ও অটোমেশন), ফিগমা, 3D অ্যানিমেশন ও মোশন গ্রাফিক্স, গিট ও ভার্সন কন্ট্রোল"
resume_47.txt,"[Objective]: ইনভেন্টরি, লজিস্টিকস ও ডিমান্ড ফোরকাস্টিং সংক্রান্ত ডেটা বিশ্লেষণের মাধ্যমে সাপ্লাই চেইনের কার্যকারিতা ও সিদ্ধান্ত গ্রহণ প্রক্রিয়া উন্নয়নে গুরুত্বপূর্ণ ভূমিকা রাখতে আগ্রহী 
[Education]: বিবিএ (সাপ্লাই চেইন ম্যানেজমেন্ট) 
[Experience Highlights]: | কুইক সাপ্লাই চেইন লিমিটেড | পাওয়ার বিআই-তে ড্যাশবোর্ড তৈরি করে সাপ্লায়ার পারফরম্যান্স ও লজিস্টিকস কস্ট মনিটর করেছি 
[Top Skills]: ডেটা অ্যানালাইসিস: এক্সেল, এসকিউএল (বেসিক), ডেটা ভিজুয়ালাইজেশন: পাওয়ার বিআই, সাপ্লাই চেইন অ্যানালিটিক্স, ইনভেন্টরি ম্যানেজমেন্ট ও ডিমান্ড প্ল্যানিং, ইআরপি সিস্টেম (SAP SD/MM - বেসিক)"
resume_48.txt,"[Objective]: ডেটা অ্যানালিস্ট হিসেবে কাজ করার মাধ্যমে নিজের দক্ষতাগুলোকে তুলে ধরা এবং বাস্তবজীবনে সেগুলোর প্রয়োগ ঘটানো 
[Education]: বি এসসি, ফলিত গণিত 
[Experience Highlights]: ডেটা অ্যানালিস্ট, | ডেটাসেটসমূহ বিশ্লেষণ করা 
[Top Skills]: SQL, Hadoop, Power BI, Matplotlib"
resume_49.txt,"[Objective]: একটি ফার্মাসিউটিক্যাল কোম্পানিতে মেডিকেল রিপ্রেজেন্টেটিভ হিসেবে কাজ করা, যেখানে আমি ডাক্তার এবং ফার্মাসিস্টদের সাথে সম্পর্ক গড়ে তুলে কোম্পানির প্রোডাক্ট সম্পর্কে awareness তৈরি এবং sales target অর্জন করতে পারি 
[Education]: বি ফার্ম (অনার্স) 
[Experience Highlights]: sales data analysis করে territory sales plan তৈরি করা | medical devices এবং consumables এর sales করা 
[Top Skills]: সেলস অ্যান্ড মার্কেটিং, মেডিকেল নলেজ (ফার্মাকোলজি), relationship building, communication and presentation skills"
resume_5.txt,"[Objective]: একটি প্রগতিশীল প্রতিষ্ঠানে মানবসম্পদ ব্যবস্থাপক হিসেবে যোগদান করা, যেখানে আমি কৌশলগত HR পরিকল্পনা, ট্যালেন্ট অ্যাকুইজিশন এবং এমপ্লয়ি রিলেশনস ম্যানেজমেন্টের মাধ্যমে প্রতিষ্ঠানের লক্ষ্য অর্জনে ভূমিকা রাখতে পারি 
[Education]: ইনডিপেন্ডেন্ট ইউনিভার্সিটি, বাংলাদেশ 
[Experience Highlights]: এইচআর ম্যানেজার | | এমপ্লয়ি ডাটাবেস ম্যানেজমেন্ট 
[Top Skills]: ট্যালেন্ট অ্যাকুইজিশন ও রিক্রুটমেন্ট, পারফরম্যান্স ম্যানেজমেন্ট, এইচআরএমএস (হিউম্যান রিসোর্স ম্যানেজমেন্ট সিস্টেম), লেবার ল এন্ড কমপ্লায়েন্স"
resume_50.txt,"[Objective]: বিক্রয় ডেটা ও টেরিটরি পারফরম্যান্স বিশ্লেষণের মাধ্যমে ফার্মাসিউটিক্যাল মার্কেটিং কৌশল উন্নয়নে গুরুত্বপূর্ণ ভূমিকা রাখতে আগ্রহী 
[Education]: বি ফার্ম (অনার্স) 
[Experience Highlights]: এক্সেল ও এসকিউএল ব্যবহার করে টেরিটরি ভিত্তিক বিক্রয় ডেটা সংগ্রহ ও অ্যানালাইসিস করেছি | পাওয়ার বিআই-তে ড্যাশবোর্ড তৈরি করে টেরিটরি ও প্রোডাক্ট ভিত্তিক সেলস পারফরম্যান্স মনিটর করেছি 
[Top Skills]: ডেটা অ্যানালাইসিস: এক্সেল, এসকিউএল (বেসিক), ডেটা ভিজুয়ালাইজেশন: পাওয়ার বিআই, সেলস ডেটা অ্যানালিটিক্স, ফার্মাসিউটিক্যাল মার্কেটিং, কমিউনিকেশন ও উপস্থাপনা দক্ষতা"
resume_51.txt,"[Objective]: লক্ষ্যঃ  একটি সফটওয়্যার কোম্পানিতে সফটওয়্যার ইঞ্জিনিয়ার হিসেবে কাজ করার মাধ্যমে নিজের অভিজ্ঞতাসমূহের প্রতিফলন ঘটানো এবং সেই অনুযায়ী স্কেলেবেল এবং কার্যকর এপ্লিকেশন তৈরি করা 
[Education]: বি এসসি ইন সিএসই 
[Experience Highlights]: ওয়েব এপ্লিকেশন ডেভেলপমেন্ট, টেকনোভা (২০২২-২০২৩) | জুনিয়র ডেভেলপার, কোডসফট, (২০২০-২০২২) 
[Top Skills]: Java, Spring boot, MySQL, Python, PHP"
resume_52.txt,"[Objective]: লক্ষ্যঃ নিজের শিক্ষা এবং পূর্ব পেশাগত দক্ষতাকে কাজে লাগিয়ে ডেটা অ্যানালিস্ট হিসেবে কাজ করে ডেটা বিশ্লেষণের মাধ্যমে ব্যাবসায়িক সিদ্ধান্তে সহায়তা করা 
[Education]: বিএসসি ইন স্ট্যাটিস্টিক্স 
[Experience Highlights]: ডেটা অ্যানালিস্ট, ডেটাটেক, ২০২১ – বর্তমান | ডেটা অ্যানালিস্ট শিক্ষানবিশ, গেজেটদুনিয়া ডট কম (২০২০) 
[Skill]: তথ্য নেই।"
resume_53.txt,"[Objective]: লক্ষ্যঃ  একজন ব্যাকএন্ড সফটওয়্যার ইঞ্জিনিয়ার হিসেবে কাজ করার মাধ্যমে নির্ভরযোগ্য সার্ভার সিস্টেম ডেভেলপ করা এবং মানোন্নয়ন করা 
[Education]: বিএসসি ইন সিএসই 
[Experience Highlights]: ব্যাকএন্ড ডেভেলপার, স্যামসাং বাংলাদেশ, ২০২১-বর্তমান | Nodejs ও Express ব্যবহার করে সার্ভার-সাইড অ্যাপ তৈরি 
[Top Skills]: Python, PHP, JAVA, Nodejs, Express, MongoDB"
resume_54.txt,"[Objective]: লক্ষ্যঃ  একজন দক্ষ ডেটা এনালিস্ট হিসেবে কাজ করার মাধ্যমে নিজের পূর্ববর্তী জ্ঞানের প্রতিফলন ঘটানো, ডেটা থেকে ইনসাইট বের করা এবং সেই অনুযায়ী ব্যবসায়িক সিদ্ধান্ত গ্রহণ 
[Education]: বিএসসি ইন সিএস 
[Experience Highlights]: জুনিয়র ডেটা অ্যানালিস্ট, বাইটস্টেশন, (২০২৩- ২০২৫) | ডেটা অ্যানালিস্ট শিক্ষানবিশ, কিউবিটস টেকনোলোজিস (২০২২) 
[Skill]: তথ্য নেই।"
resume_55.txt,"[Objective]: লক্ষ্যঃ  একজন দক্ষ ফুলস্ট্যাক সফটওয়্যার ইঞ্জিনিয়ার হিসেবে একটি স্বনামধন্য প্রতিষ্ঠানে কাজ করা এবং নিজের শিক্ষা এবং অভিজ্ঞতা কাজে লাগানো 
[Education]: বিএসসি ইন সফটওয়্যার ইঞ্জিনিয়ারিং 
[Experience Highlights]: সিনিয়র ফুলস্ট্যাক ডেভেলপার ইন টেকসলিউশন বিডি, ২০২৩ – বর্তমান | জুনিয়র ফ্রন্টএন্ড ডেভেলপার, ব্র্যাক আইটি, ২০২২ 
[Skill]: তথ্য নেই।"
resume_56.txt,"[Objective]: লক্ষ্যঃ  ডেটা বিশ্লেষণ এবং ডেটা থেকে প্রয়োজনীয় তথ্য বের করার মাধ্যমে সিদ্ধান্ত গ্রহণ 
[Education]: বিএসসি ইন সিএসই 
[Experience Highlights]: জুনিয়র ডেটা এনালিস্ট, বাইটকেয়ার লিমিটেড, ২০২৩-বর্তমান | ডেটা এনালিস্ট শিক্ষানবিশ, ওয়াল্টন বাংলাদেশ (জানুয়ারী ২০২০- জুলাই ২০২০) 
[Skill]: তথ্য নেই।"
resume_57.txt,"[Objective]: লক্ষ্যঃ একজন সফটওয়্যার ইঞ্জিনিয়ার হিসেবে ক্লাউড ভিত্তিক অ্যাাপ তৈরি এবং মানোন্নয়ন 
[Education]: বিএসসি ইন আইসিটি 
[Experience Highlights]: জুনিয়র সফটওয়্যার ইঞ্জিনিয়ার, ক্লাউডটেক, ২০২২-বর্তমান | সফটওয়্যার ডেভেলপার, টেকনোমিডিয়া, ২০২০ – ২০২১ 
[Top Skills]: AWS, Docker, Python"
resume_58.txt,"[Objective]: লক্ষ্যঃ  একজন যোগ্য ডেটা এনালিস্ট হিসেবে যোগদানের মাধ্যমে নিজের অভিজ্ঞতাগুলো তলে ধরা এবং প্রতিষ্ঠানের ডেটা ড্রিভেন সিদ্ধান্তে সেগুলোকে কাজে লাগানো 
[Education]: বিএসসি ইন সিএসই 
[Experience Highlights]: বড় ডেটাসেট বিশ্লেষণ করে ব্যবসায়িক ট্রেন্ড নির্ধারণ | SQL এবং Python ব্যবহার করে ডাটা প্রসেসিং 
[Top Skills]: SQL, Excel, Python, Google Collab"
resume_59.txt,"[Objective]: লক্ষ্যঃ  একজন দক্ষ এবং স্বতঃস্ফূর্ত সফটওয়্যার ইঞ্জিনিয়ার হিসেবে নিরাপদ সফটওয়্যার তৈরি, রক্ষণাবেক্ষন এবং মানোন্নয়ন 
[Education]: বিএসসি ইন সিএসই 
[Experience Highlights]: জাভা এবং স্প্রিংবুট ব্যবহার করে অ্যাপ ডেভেলপমেন্ট | রেস্ট এপিআই ডেভেলপমেন্ট 
[Top Skills]: Java, Spring Framework, REST API, Authentication and Authorization, OOP Concepts"
resume_6.txt,"[Objective]: একটি চ্যালেঞ্জিং পরিবেশে ডাটা অ্যানালিস্ট হিসেবে কাজ করা, যেখানে আমার পরিসংখ্যানগত জ্ঞান এবং ডাটা ভিজুয়ালাইজেশন দক্ষতা ব্যবহার করে ব্যবসায়িক সিদ্ধান্ত গ্রহণে সহায়তা করতে পারি 
[Education]: বিএসসি ইন স্ট্যাটিস্টিক্স 
[Experience Highlights]: ডাটা অ্যানালিস্ট ইন্টার্ন | | SQL কুয়েরি ব্যবহার করে ক্লায়েন্ট ডাটাবেস থেকে ডাটা এক্সট্রাক্ট এবং ক্লিনিং করা 
[Top Skills]: প্রোগ্রামিং ভাষা: Python, R, ডাটাবেজ: MySQL, PostgreSQL, ডাটা ভিজুয়ালাইজেশন: Power BI, Tableau, Matplotlib, Seaborn, টুলস: Microsoft Excel (এডভান্সড), Jupyter Notebook, স্ট্যাটিস্টিক্যাল অ্যানালিসিস"
resume_60.txt,"[Objective]: লক্ষ্যঃ  ডেটা অ্যানালিস্ট হিসেবে মেশিন লার্নিং ভিত্তিক ইনসাইট তৈরি করা 
[Education]: বিএসসি ইন ইইই 
[Experience Highlights]: Machine Learning মডেল তৈরি (basic) | Data preprocessing ও feature selection 
[Top Skills]: Python, Machine Learning (Scikit-learn), Excel, SQL"
resume_61.txt,"[Objective]: লক্ষ্য:  ব্যাকএন্ড সফটওয়্যার ইঞ্জিনিয়ার হিসেবে ডাটাবেজ সিস্টেম উন্নত করা 
[Education]: বিএসসি ইন আইটি 
[Experience Highlights]: ফুলস্ট্যাক ডেভেলপার, ডিএসআই, ২০২৩ – ২০২৫ | ডেটাবেজ ডিজাইন ও কুয়েরি মানোন্নয়ন 
[Top Skills]: MySQL, PostgreSQL, API"
resume_62.txt,"[Objective]: লক্ষ্য:  ডেটা অ্যানালিস্ট হিসেবে কাজ করা এবং বড় ডেটাসমূহ বিশ্লেষণ করার মাধ্যমে যথাযথ সিদ্ধান্তে উপনীত হওয়া 
[Education]: বি এসসি ইন ম্যাথমেটিক্স 
[Experience Highlights]: ডেটা অ্যানালিস্ট, বিগডেটা ল্যাব, ২০২৪ – বর্তমান | ডেটাসেটসমূহ বিশ্লেষণ 
[Top Skills]: SQL, Hadoop, Power BI"
resume_63.txt,"[Objective]: একটি সফটওয়্যার কোম্পানিতে জুনিয়র সফটওয়্যার ইঞ্জিনিয়ার হিসেবে কাজ করার সুযোগ খুঁজছি, যেখানে আমি ওয়েব ডেভেলপমেন্ট এবং প্রোগ্রামিং দক্ষতা কাজে লাগিয়ে টিমের সাথে মিলে ইউজার-ফ্রেন্ডলি অ্যাপ্লিকেশন তৈরি করতে পারি 
[Education]: বিএসসি ইন কম্পিউটার সায়েন্স অ্যান্ড ইঞ্জিনিয়ারিং (সিএসই) 
[Experience Highlights]: জুনিয়র সফটওয়্যার ইঞ্জিনিয়ার | ইন্টার্ন সফটওয়্যার ইঞ্জিনিয়ার 
[Top Skills]: ফ্রন্টএন্ড ডেভেলপমেন্ট (রিঅ্যাক্ট), জাভাস্ক্রিপ্ট, এইচটিএমএল, সিএসএস, বেসিক নোডজেএস, টিমওয়ার্ক অ্যান্ড কমিউনিকেশন"
resume_64.txt,"[Objective]: একটি মোবাইল অ্যাপ ডেভেলপমেন্ট কোম্পানিতে অ্যান্ড্রয়েড ডেভেলপার হিসেবে কাজ করতে চাই, যেখানে আমার কোটলিন এবং জেটপ্যাক কম্পোজ নলেজ ব্যবহার করে ইউজার-ফ্রেন্ডলি মোবাইল অ্যাপ্লিকেশন বিল্ড করতে পারি 
[Education]: বিএসসি ইন কম্পিউটার সায়েন্স অ্যান্ড ইঞ্জিনিয়ারিং (সিএসই) 
[Experience Highlights]: অ্যান্ড্রয়েড ডেভেলপার | নেটিভ অ্যান্ড্রয়েড অ্যাপ ডেভেলপমেন্ট ও মেইনটেনেন্স 
[Top Skills]: কোটলিন, জেটপ্যাক কম্পোজ, ফায়ারবেস, রেস্ট এপিআই"
resume_65.txt,"[Objective]: একটি মোবাইল অ্যাপ ডেভেলপমেন্ট কোম্পানিতে অ্যান্ড্রয়েড ডেভেলপার হিসেবে কাজ করতে চাই, যেখানে আমার কোটলিন এবং জেটপ্যাক কম্পোজ নলেজ ব্যবহার করে ইউজার-ফ্রেন্ডলি মোবাইল অ্যাপ্লিকেশন বিল্ড করতে পারি 
[Education]: বিএসসি ইন কম্পিউটার সায়েন্স অ্যান্ড ইঞ্জিনিয়ারিং (সিএসই) 
[Experience Highlights]: অ্যান্ড্রয়েড ডেভেলপার | নেটিভ অ্যান্ড্রয়েড অ্যাপ ডেভেলপমেন্ট ও মেইনটেনেন্স 
[Top Skills]: কোটলিন, জেটপ্যাক কম্পোজ, ফায়ারবেস, রেস্ট এপিআই"
resume_66.txt,"[Objective]: একটি আইটি কোম্পানিতে ফুল-স্ট্যাক ডেভেলপার হিসেবে কাজ করার লক্ষ্য, যেখানে আমি ফ্রন্টএন্ড ও ব্যাকএন্ড উভয় ক্ষেত্রে দক্ষতা ব্যবহার করে কমপ্লিট ওয়েব সল্যুশন তৈরি করতে পারি 
[Education]: বিএসসি ইন কম্পিউটার সায়েন্স অ্যান্ড ইঞ্জিনিয়ারিং (সিএসই) 
[Experience Highlights]: জুনিয়র ওয়েব ডেভেলপার | পিএইচপি এবং মাইএসকিউএল ব্যবহার করে ওয়েবসাইট ডেভেলপমেন্ট 
[Top Skills]: লারাভেল, ভিউজেএস, পিএইচপি, মাইএসকিউএল"
resume_67.txt,"[Objective]: একটি সফটওয়্যার কোম্পানির কোয়ালিটি অ্যাসুরেন্স (কিউএ) টিমে কাজ করার সুযোগ চাই, যেখানে আমি ম্যানুয়াল এবং অটোমেশন টেস্টিংয়ের মাধ্যমে প্রোডাক্টের কোয়ালিটি নিশ্চিত করতে পারি এবং ইউজার এক্সপেরিয়েন্স উন্নত করতে পারি 
[Education]: বিএসসি ইন কম্পিউটার সায়েন্স অ্যান্ড ইঞ্জিনিয়ারিং (সিএসই) 
[Experience Highlights]: ওয়েব ও মোবাইল অ্যাপ্লিকেশনের জন্য ম্যানুয়াল টেস্ট কেস ডিজাইন ও এক্সিকিউট করা | সেলেনিয়াম ব্যবহার করে অটোমেশন টেস্ট স্ক্রিপ্ট তৈরি করা 
[Top Skills]: ম্যানুয়াল টেস্টিং, সেলেনিয়াম, টেস্ট কেস ডিজাইন, বাগ ট্র্যাকিং টুলস (জিরা)"
resume_68.txt,"[Objective]: একটি ই-কমার্স বা ফিনটেক কোম্পানিতে সফটওয়্যার ইঞ্জিনিয়ার হিসেবে কাজ করতে চাই, যেখানে আমি মাইক্রোসার্ভিসেস আর্কিটেকচার এবং ক্লাউড টেকনোলজি ব্যবহার করে স্কেলেবল সিস্টেম ডিজাইন ও ডেভেলপ করতে পারি 
[Education]: বিএসসি ইন কম্পিউটার সায়েন্স অ্যান্ড ইঞ্জিনিয়ারিং (সিএসই) 
[Experience Highlights]: পেমেন্ট প্রসেসিং সিস্টেমের জন্য মাইক্রোসার্ভিসেস ডেভেলপমেন্ট | জুনিয়র সফটওয়্যার ইঞ্জিনিয়ার 
[Top Skills]: জাভা (স্প্রিং বুট), মাইক্রোসার্ভিসেস, ডকার, কুবারনেটিস (বেসিক)"
resume_69.txt,"[Objective]: একটি গবেষণা ও ডেভেলপমেন্ট (আরএন্ডডি) বিভাগে সফটওয়্যার ইঞ্জিনিয়ার হিসেবে কাজ করতে চাই, যেখানে আমি মেশিন লার্নিং এবং আর্টিফিশিয়াল ইন্টেলিজেন্স ব্যবহার করে ইন্টেলিজেন্ট সফটওয়্যার সল্যুশন তৈরি করতে পারি 
[Education]: বিএসসি ইন কম্পিউটার সায়েন্স অ্যান্ড ইঞ্জিনিয়ারিং (সিএসই) 
[Experience Highlights]: পাইথন লাইব্রেরি (টেন্সরফ্লো, পাইটর্চ) ব্যবহার করে মডেল ডেভেলপমেন্ট | পাইথন এবং জ্যাঙ্গো ব্যবহার করে ওয়েব অ্যাপ্লিকেশন ডেভেলপমেন্ট 
[Top Skills]: পাইথন, মেশিন লার্নিং, টেন্সরফ্লো/পাইটর্চ, ডেটা অ্যানালাইসিস"
resume_7.txt,"[Objective]: একটি ক্রিয়েটিভ টিমে গ্রাফিক ডিজাইনার হিসেবে যোগদান করা, যেখানে আমি আমার ডিজাইন দক্ষতা এবং নতুন আইডিয়া দিয়ে ব্র্যান্ডের ভিজুয়াল আইডেন্টিটি শক্তিশালী করতে পারি 
[Education]: বিএফএ (গ্রাফিক ডিজাইন) 
[Experience Highlights]: সোশ্যাল মিডিয়া পোস্ট, ব্যানার, এবং ডিজিটাল অ্যাডভারটাইজমেন্টের জন্য ডিজাইন তৈরি করা | সিনিয়র ডিজাইন ইন্টার্ন 
[Top Skills]: Adobe Photoshop, Adobe Illustrator, Adobe InDesign, UI/UX ডিজাইন (বেসিক ফিগমা জ্ঞান), ব্র্যান্ডিং ও আইডেন্টিটি ডিজাইন, প্রিন্ট ও ডিজিটাল মিডিয়া ডিজাইন"
resume_70.txt,"[Objective]: যদিও আমার একাডেমিক ব্যাকগ্রাউন্ড সিএসই-তে, আমি প্রোগ্রামিং এবং প্রোজেক্ট ডেভেলপমেন্টের মাধ্যমে বাস্তব অভিজ্ঞতা অর্জন করতে আগ্রহী এবং দ্রুত শিখতে পারি 
[Education]: বিএসসি ইন কম্পিউটার সায়েন্স অ্যান্ড ইঞ্জিনিয়ারিং (সিএসই) 
[Experience Highlights]: পেশেন্ট অ্যাপয়েন্টমেন্ট ও টেস্ট রিপোর্ট ম্যানেজমেন্ট সিস্টেম ডিজাইন | বেসিক জাভাস্ক্রিপ্ট এবং বুটস্ট্র্যাপ ব্যবহার করে ফ্রন্টএন্ড ডেভেলপমেন্ট 
[Top Skills]: পিএইচপি (লারাভেল), মাইএসকিউএল, এইচটিএমএল/সিএসএস, প্রবলেম সলভিং"
resume_71.txt,"[Objective]: একটি স্টার্টআপ কোম্পানিতে সফটওয়্যার ইঞ্জিনিয়ার হিসেবে কাজ করার জন্য আগ্রহী, যেখানে আমি ছোট টিমের সাথে মিলে প্রোডাক্ট আইডিয়া থেকে শুরু করে ডেভেলপমেন্ট ও ডিপ্লয়মেন্ট পর্যন্ত পুরো সফটওয়্যার লাইফসাইকেলে অংশ নিতে পারি 
[Education]: বিএসসি ইন কম্পিউটার সায়েন্স অ্যান্ড ইঞ্জিনিয়ারিং (সিএসই) 
[Experience Highlights]: নোডজেএস এবং এক্সপ্রেসজেএস ব্যবহার করে ব্যাকএন্ড ডেভেলপমেন্ট শেখা ও প্র্যাকটিস করা | টিম লিডারের সাথে থেকে একটি ই-কমার্স প্রোজেক্টের প্রোটোটাইপ ডেভেলপমেন্ট 
[Top Skills]: নোডজেএস, এক্সপ্রেসজেএস, মঙ্গোডিবি, জাভাস্ক্রিপ্ট"
resume_72.txt,"[Objective]: একটি সফটওয়্যার কোম্পানিতে ডেভঅপস ইঞ্জিনিয়ার হিসেবে কাজ করে ইনফ্রাস্ট্রাকচার ম্যানেজমেন্ট, সিআই/সিডি পাইপলাইন সেটআপ এবং ক্লাউড সার্ভিসের মাধ্যমে ডেভেলপমেন্ট প্রক্রিয়াকে আরও কার্যকর ও স্বয়ংক্রিয় করতে চাই 
[Education]: বিএসসি ইন কম্পিউটার সায়েন্স অ্যান্ড ইঞ্জিনিয়ারিং (সিএসই) 
[Experience Highlights]: জেনকিন্স ব্যবহার করে সিআই/সিডি পাইপলাইন কনফিগার ও মেইনটেইন করা | সিলেট আইটি সেন্টার জানুয়ারি ২০২২ - জুন ২০২২ 
[Top Skills]: ডেভঅপস, ডকার, জেনকিন্স, এডব্লিউএস (ইসি২, এস৩)"
resume_73.txt,"[Objective]: একটি প্রোগ্রামিং স্কুল বা এডটেক কোম্পানিতে সফটওয়্যার ইঞ্জিনিয়ার হিসেবে কাজ করার পাশাপাশি জুনিয়র ডেভেলপারদের মেন্টর করার সুযোগ খুঁজছি, যাতে টেক কমিউনিটিতে জ্ঞান বিতরণে ভূমিকা রাখতে পারি 
[Education]: বিএসসি ইন কম্পিউটার সায়েন্স অ্যান্ড ইঞ্জিনিয়ারিং (সিএসই) 
[Experience Highlights]: সফটওয়্যার ইঞ্জিনিয়ার ও কনটেন্ট ক্রিয়েটর | রিঅ্যাক্ট এবং জাভাস্ক্রিপ্ট ব্যবহার করে বিভিন্ন ওয়েব প্রোজেক্ট ডেভেলপমেন্ট 
[Top Skills]: রিঅ্যাক্ট, জাভাস্ক্রিপ্ট, টেকনিক্যাল কনটেন্ট রাইটিং, মেন্টরিং অ্যান্ড টিচিং"
resume_74.txt,"[Objective]: একটি ব্যাংক বা আর্থিক প্রতিষ্ঠানের আইটি বিভাগে সফটওয়্যার ইঞ্জিনিয়ার হিসেবে কাজ করতে চাই, যেখানে এন্টারপ্রাইজ লেভেলের সফটওয়্যার মেইনটেনেন্স, ডাটাবেস ম্যানেজমেন্ট এবং নেটওয়ার্ক সিকিউরিটি নিয়ে কাজ করার সুযোগ পাব 
[Education]: বিএসসি ইন কম্পিউটার সায়েন্স অ্যান্ড ইঞ্জিনিয়ারিং (সিএসই) 
[Experience Highlights]: সফটওয়্যার ইঞ্জিনিয়ার | কোর ব্যাংকিং সফটওয়্যার (ওরাকল ফাইন্যান্সিয়াল) মেইনটেনেন্স ও ট্রাবলশুটিং 
[Top Skills]: এন্টারপ্রাইজ সফটওয়্যার সাপোর্ট, ওরাকল এসকিউএল, জাভা, পিএইচপি"
resume_75.txt,"[Objective]: একটি প্রযুক্তি প্রতিষ্ঠানে ব্যাকএন্ড সফটওয়্যার ইঞ্জিনিয়ার হিসেবে কাজ করে নির্ভরযোগ্য এবং স্কেলেবল সার্ভার-সাইড সিস্টেম তৈরি করা 
[Education]: বিএসসি ইন কম্পিউটার ইঞ্জিনিয়ারিং 
[Experience Highlights]: ব্যাকএন্ড ডেভেলপার | ব্যাকএন্ড ফিচার ডেভেলপমেন্ট 
[Top Skills]: Java, Spring Boot, PostgreSQL, REST API Development"
resume_76.txt,"[Objective]: একজন দক্ষ ডেটা অ্যানালিস্ট হিসেবে নিজেকে প্রতিষ্ঠিত করা, যেখানে আমি পরিসংখ্যানগত বিশ্লেষণ এবং ডেটা ভিজ্যুয়ালাইজেশন ব্যবহার করে ব্যবসার সিদ্ধান্ত গ্রহণে কার্যকর ভূমিকা রাখতে পারি 
[Education]: বিএসসি ইন সিএসই 
[Experience Highlights]: জুনিয়র ডেটা অ্যানালিস্ট | জুন ২০২১ - ডিসেম্বর ২০২১ 
[Top Skills]: SQL এবং নো-এসকিউএল ডেটাবেস, পাইথন (Pandas, NumPy), ডেটা ভিজ্যুয়ালাইজেশন (Tableau/Power BI), স্ট্যাটিস্টিক্যাল অ্যানালাইসিস"
resume_77.txt,"[Objective]: একটি চ্যালেঞ্জিং পরিবেশে ব্যাকএন্ড সফটওয়্যার ইঞ্জিনিয়ার হিসেবে কাজ করা, যেখানে আমি জটিল সিস্টেম ডিজাইন এবং স্কেলেবল অ্যাপ্লিকেশন তৈরিতে অবদান রাখতে পারব 
[Education]: বিএসসি ইন সফটওয়্যার ইঞ্জিনিয়ারিং 
[Experience Highlights]: জাভা এবং স্প্রিং বুট ব্যবহার করে এপিআই (API) ডেভেলপ করা | জানুয়ারি ২০১৯ - ফেব্রুয়ারি ২০২১ 
[Top Skills]: জাভা এবং স্প্রিং বুট, পোস্টগ্রেএসকিউএল (PostgreSQL), ডকার এবং কুবারনেটস, সিস্টেম ডিজাইন"
resume_78.txt,"[Objective]: ফ্রন্টএন্ড ডেভেলপার হিসেবে একটি উদ্ভাবনী টিমে যোগ দেয়া, যেখানে আমি আধুনিক ওয়েব প্রযুক্তি ব্যবহার করে চমৎকার ইউজার এক্সপেরিয়েন্স তৈরি করতে পারব 
[Education]: বিএসসি ইন সিএসই 
[Experience Highlights]: ফ্রন্টএন্ড ইঞ্জিনিয়ার | জানুয়ারি ২০২৩ - বর্তমান 
[Top Skills]: জাভাস্ক্রিপ্ট (ES6+) এবং রিঅ্যাক্ট, এইচটিএমএল৫ ও সিএসএস৩, টাইপস্ক্রিপ্ট, গিট ও গিটহাব"
resume_79.txt,"[Objective]: ডেটা অ্যানালিটিক্স এবং বিজনেস ইন্টেলিজেন্স ব্যবহার করে প্রতিষ্ঠানের প্রবৃদ্ধি ত্বরান্বিত করতে এবং অপারেশনাল দক্ষতা বৃদ্ধিতে সহায়তা করা 
[Education]: বিএসসি ইন অ্যাপ্লাইড স্ট্যাটিস্টিকস 
[Experience Highlights]: বিক্রয় ডেটা বিশ্লেষণ করে ভবিষ্যৎ ট্রেন্ড প্রেডিক্ট করা | অটোমেটেড রিপোর্টিং সিস্টেম তৈরি করা 
[Top Skills]: এক্সেল (অ্যাডভান্সড ভিবিএ), এসকিউএল সার্ভার, পাইথন প্রোগ্রামিং, স্ট্যাটিস্টিক্যাল সফটওয়্যার (SPSS/R)"
resume_8.txt,"[Objective]: স্কেলেবল এবং ইউজার-ফ্রেন্ডলি অ্যাপ্লিকেশন ডেভেলপমেন্টের মাধ্যমে প্রতিষ্ঠানের টেকনোলজি ট্রান্সফরমেশন এবং গ্রাহক অভিজ্ঞতা উন্নয়নে সক্রিয় ভূমিকা রাখতে আগ্রহী 
[Education]: বিএসসি ইন কম্পিউটার সায়েন্স অ্যান্ড ইঞ্জিনিয়ারিং 
[Experience Highlights]: | ক্রিয়েটিক্স সফটওয়্যার লিমিটেড | পাইথন এবং জ্যাঙ্গো ফ্রেমওয়ার্ক ব্যবহার করে ওয়েব অ্যাপ্লিকেশন ডেভেলপমেন্টে সহায়তা করেছি 
[Top Skills]: ব্যাকএন্ড টেকনোলজি: জাভা, স্প্রিং বুট, পাইথন, জ্যাঙ্গো, নোডজেএস, ফ্রন্টএন্ড টেকনোলজি: জাভাস্ক্রিপ্ট, রিঅ্যাক্ট জেএস, এইচটিএমএল, সিএসএস, ডেটাবেজ: PostgreSQL, মাইএসকিউএল, মঙ্গোডিবি, রেডিস, ডেভঅপস টুলস: ডকার, জেনকিন্স, গিট, গিটহাব অ্যাকশন, এপিআই ডিজাইন: রেস্টফুল এপিআই, গ্রাফকিউএল (বেসিক), অ্যাজাইল মেথোডোলজি: স্ক্রাম, কানবান"
resume_80.txt,"[Objective]: ফুল স্ট্যাক সফটওয়্যার ইঞ্জিনিয়ার হিসেবে অত্যাধুনিক ওয়েব অ্যাপ্লিকেশন তৈরি করা এবং এন্ড-টু-এন্ড সলিউশন প্রদানের মাধ্যমে টিমে বিশেষ ভূমিকা রাখা 
[Education]: বিএসসি ইন সিএসই 
[Experience Highlights]: ফুল স্ট্যাক ডেভেলপার | জুনিয়র ডেভেলপার 
[Top Skills]: রিঅ্যাক্ট, নোড জেএস এবং এক্সপ্রেস, মঙ্গোডিবি ও মাইএসকিউএল, ক্লাউড কম্পিউটিং (AWS), রেস্টফুল এপিআই ডিজাইন"
resume_81.txt,"[Objective]: স্বাস্থ্যসেবা খাতে ডেটা অ্যানালিস্ট হিসেবে কাজ করা, যেখানে ক্লিনিকাল ডেটা বিশ্লেষণের মাধ্যমে রোগীর সেবার মান এবং হাসপাতালের কার্যকারিতা বৃদ্ধি করা সম্ভব 
[Education]: বিএসসি ইন হেলথ ইনফরমেটিক্স 
[Experience Highlights]: ক্লিনিকাল ডেটা অ্যানালিস্ট | রোগীর তথ্য এবং ক্লিনিকাল ট্রায়াল ডেটা বিশ্লেষণ 
[Top Skills]: হেলথকেয়ার ডেটা স্ট্যান্ডার্ডস (HL7/FHIR), পাইথন ও আর (R), ডেটা ভিজ্যুয়ালাইজেশন, ক্লিনিকাল ওয়ার্কফ্লো অ্যানালাইসিস"
resume_82.txt,"[Objective]: একটি প্রযুক্তি প্রতিষ্ঠানে ডাটা অ্যানালিস্ট হিসেবে কাজ করে ডেটা বিশ্লেষণের মাধ্যমে ব্যবসায়িক সিদ্ধান্ত গ্রহণে সহায়তা করা এবং প্রতিষ্ঠানের উন্নয়নে অবদান রাখা 
[Education]: বিএসসি ইন কম্পিউটার সায়েন্স 
[Experience Highlights]: জুনিয়র ডাটা অ্যানালিস্ট | ডাটা ভিজুয়ালাইজেশন রিপোর্ট তৈরি করা 
[Top Skills]: Python Data Analysis, SQL, Power BI, Data Visualization"
resume_83.txt,"[Objective]: একটি সফটওয়্যার প্রতিষ্ঠানে সফটওয়্যার ইঞ্জিনিয়ার হিসেবে কাজ করে স্কেলেবল এবং দক্ষ সফটওয়্যার সলিউশন তৈরি করা 
[Education]: বিএসসি ইন সফটওয়্যার ইঞ্জিনিয়ারিং 
[Experience Highlights]: ওয়েব অ্যাপ্লিকেশন ডেভেলপমেন্ট করা | জুন ২০১৯ - জানুয়ারি ২০২১ 
[Top Skills]: JavaScript, React, Nodejs, Git Version Control"
resume_84.txt,"[Objective]: একটি প্রতিষ্ঠানে বিজনেস ডাটা অ্যানালিস্ট হিসেবে কাজ করে ডেটা থেকে কার্যকর ব্যবসায়িক ইনসাইট তৈরি করা 
[Education]: বিবিএ ইন ম্যানেজমেন্ট ইনফরমেশন সিস্টেম 
[Experience Highlights]: ডাটা বিশ্লেষণ করে মার্কেট ট্রেন্ড নির্ধারণ | ডাটা সংগ্রহ এবং বিশ্লেষণ 
[Top Skills]: Advanced Excel, SQL, Power BI, Business Analysis"
resume_85.txt,"[Objective]: একটি সফটওয়্যার কোম্পানিতে **ফুল স্ট্যাক ডেভেলপার** হিসেবে কাজ করে আধুনিক ওয়েব অ্যাপ্লিকেশন তৈরি করা 
[Education]: বিএসসি ইন কম্পিউটার সায়েন্স 
[Experience Highlights]: ওয়েব অ্যাপ্লিকেশন ডেভেলপমেন্ট | জুনিয়র ওয়েব ডেভেলপার 
[Top Skills]: HTML/CSS, JavaScript, React, MySQL"
resume_86.txt,"[Objective]: একটি প্রতিষ্ঠানে ডাটা সায়েন্টিস্ট হিসেবে কাজ করে ডেটা মডেলিং এবং প্রেডিকটিভ অ্যানালিটিক্সের মাধ্যমে ব্যবসায়িক উন্নয়নে অবদান রাখা 
[Education]: বিএসসি ইন ডাটা সায়েন্স 
[Experience Highlights]: ডাটা সায়েন্টিস্ট | ডেটা বিশ্লেষণ করে প্রেডিকশন তৈরি 
[Top Skills]: Python, Machine Learning, Data Visualization, Statistical Analysis"
resume_87.txt,"[Objective]: একটি ফার্মাসিউটিক্যাল বা কেমিক্যাল ইন্ডাস্ট্রিতে কেমিস্ট হিসেবে কাজ করা, যেখানে আমি কেমিক্যাল অ্যানালিসিস, কোয়ালিটি কন্ট্রোল এবং রিসার্চ অ্যান্ড ডেভেলপমেন্টের মাধ্যমে অবদান রাখতে পারি 
[Education]: এমএসসি ইন অ্যানালিটিক্যাল কেমিস্ট্রি 
[Experience Highlights]: ফার্মা ল্যাবস লিমিটেড | নভেম্বর ২০২০ - বর্তমান | standard operating procedures (SOPs) অনুযায়ী laboratory analysis performed করা 
[Top Skills]: অ্যানালিটিক্যাল টেকনিক (HPLC, GC, UV-Vis), কোয়ালিটি কন্ট্রোল/অ্যাসুরেন্স, গুড ল্যাবরেটরি প্র্যাকটিস (GLP), ল্যাবরেটরি ইনফরমেশন ম্যানেজমেন্ট সিস্টেম (LIMS)"
resume_88.txt,"[Objective]: অভিজ্ঞতা সম্পন্ন সফ্টওয়্যার ইঞ্জিনিয়ার হিসেবে একটি ডায়নামিক টিমে যোগদান করা যেখানে আমার জাভা এবং স্প্রিং ফ্রেমওয়ার্কের দক্ষতা কাজে লাগিয়ে প্রতিষ্ঠানের সাফল্যে অবদান রাখতে পারি 
[Education]: বিএসসি ইন কম্পিউটার সায়েন্স অ্যান্ড ইঞ্জিনিয়ারিং 
[Experience Highlights]: সফ্টওয়্যার ইঞ্জিনিয়ার | ডাটা সফ্ট লিমিটেড (জুন ২০১৮ - জুন ২০২০) 
[Top Skills]: প্রোগ্রামিং ভাষা: জাভা, পাইথন, সি++, ফ্রেমওয়ার্ক: স্প্রিং বুট, হাইবারনেট, ডjango, ডাটাবেজ: MySQL, PostgreSQL, MongoDB, টুলস: Git, Docker, Jenkins, Maven"
resume_89.txt,"[Objective]: একটি স্টার্টআপ কোম্পানিতে সফটওয়্যার ইঞ্জিনিয়ার হিসেবে কাজ করার জন্য আগ্রহী, যেখানে আমি ছোট টিমের সাথে মিলে প্রোডাক্ট আইডিয়া থেকে শুরু করে ডেভেলপমেন্ট ও ডিপ্লয়মেন্ট পর্যন্ত পুরো সফটওয়্যার লাইফসাইকেলে অংশ নিতে পারি 
[Education]: বিএসসি ইন কম্পিউটার সায়েন্স অ্যান্ড ইঞ্জিনিয়ারিং (সিএসই) 
[Experience Highlights]: নোডজেএস এবং এক্সপ্রেসজেএস ব্যবহার করে ব্যাকএন্ড ডেভেলপমেন্ট শেখা ও প্র্যাকটিস করা | টিম লিডারের সাথে থেকে একটি ই-কমার্স প্রোজেক্টের প্রোটোটাইপ ডেভেলপমেন্ট 
[Top Skills]: নোডজেএস, এক্সপ্রেসজেএস, মঙ্গোডিবি, জাভাস্ক্রিপ্ট"
resume_9.txt,"[Objective]: ব্যবসায়িক ডেটা থেকে কার্যকর অন্তর্দৃষ্টি বের করে প্রতিষ্ঠানের সিদ্ধান্ত গ্রহণ প্রক্রিয়া ও প্রবৃদ্ধিতে গুরুত্বপূর্ণ ভূমিকা রাখতে আগ্রহী 
[Education]: বিবিএ (মার্কেটিং) 
[Experience Highlights]: এক্সেল এবং এসকিউএল ব্যবহার করে বিক্রয় ও বিপণন ডেটা বিশ্লেষণ করে ড্যাশবোর্ড তৈরি করেছি | | জুন ২০১৯ - মার্চ ২০২১ 
[Top Skills]: ডেটা অ্যানালাইসিস: এক্সেল (পিভট টেবিল, ভিলুকাপ), এসকিউএল, ডেটা ভিজুয়ালাইজেশন: পাওয়ার বিআই, টেবলু, প্রোগ্রামিং: পাইথন (প্যান্ডাস, নামপাই - বেসিক), পরিসংখ্যানগত বিশ্লেষণ ও রিপোর্টিং, যোগাযোগ ও উপস্থাপনা দক্ষতা"
resume_90.txt,"[Objective]: চ্যালেঞ্জিং পরিবেশে মিড-লেভেল সফটওয়্যার ইঞ্জিনিয়ার হিসেবে কাজ করে নিজের দক্ষতা ও অভিজ্ঞতা কাজে লাগানো এবং একটি গতিশীল টিমের অংশ হয়ে স্কেলেবল সফটওয়্যার সলিউশন ডেভেলপ করা 
[Education]: বিএসসি ইন সফটওয়্যার ইঞ্জিনিয়ারিং 
[Experience Highlights]: পাইথন এবং জ্যাঙ্গো ফ্রেমওয়ার্ক ব্যবহার করে ব্যাকএন্ড এপিআই ডেভেলপমেন্ট | সফটওয়্যার ইঞ্জিনিয়ার (ইন্টার্ন) 
[Top Skills]: পাইথন (জ্যাঙ্গো), পিএইচপি (লারাভেল), পোস্টগ্রেএসকিউএল, মাইএসকিউএল, REST API, গিট"
resume_91.txt,"[Objective]: ডেটা অ্যানালাইসিস ও ভিজুয়ালাইজেশনের মাধ্যমে ব্যবসায়িক সিদ্ধান্ত গ্রহণে ভূমিকা রাখতে চাই 
[Education]: এমএসসি ইন অ্যাপ্লায়েড স্ট্যাটিস্টিক্স 
[Experience Highlights]: এক্সেল ও গুগল শিট ব্যবহার করে বিভিন্ন কোম্পানির শেয়ারের ঐতিহাসিক ডেটা ক্লিনিং ও ম্যানিপুলেশন | পাওয়ার বিআই ব্যবহার করে ড্যাশবোর্ড তৈরি করা 
[Top Skills]: মাইক্রোসফট এক্সেল (পিভট টেবিল, ভিলুকআপ), পাওয়ার বিআই, এসকিউএল (বেসিক), পরিসংখ্যানগত বিশ্লেষণ"
resume_92.txt,"[Objective]: কোটলিন ও জেটপ্যাক কম্পোজ ব্যবহার করে ইউজার-ফ্রেন্ডলি ও পারফরম্যান্ট মোবাইল অ্যাপ্লিকেশন তৈরি করা আমার মূল লক্ষ্য 
[Education]: বিএসসি ইন কম্পিউটার সায়েন্স অ্যান্ড ইঞ্জিনিয়ারিং 
[Experience Highlights]: জুনিয়র অ্যান্ড্রয়েড ডেভেলপার | কোটলিন ব্যবহার করে বিভিন্ন মডিউলে নিউ ফিচার ডেভেলপমেন্ট 
[Top Skills]: কোটলিন, জাভা (অ্যান্ড্রয়েড), জেটপ্যাক কম্পোজ, এক্সএমএল, রেট্রোফিট, রুম ডাটাবেস, ফায়ারবেস"
resume_93.txt,"[Objective]: অভিজ্ঞ ডেটা অ্যানালিস্ট হিসেবে বিজনেস ইন্টেলিজেন্স টিমের সাথে কাজ করে ডেটা থেকে কার্যকরী অন্তর্দৃষ্টি (Actionable Insights) বের করা এবং ডেটা-চালিত সিদ্ধান্ত গ্রহণ প্রক্রিয়াকে শক্তিশালী করা 
[Education]: এমবিএ (ম্যানেজমেন্ট ইনফরমেশন সিস্টেমস) 
[Experience Highlights]: ডেটা অ্যানালিস্ট | জুনিয়র ডেটা অ্যানালিস্ট 
[Top Skills]: এসকিউএল (অ্যাডভান্সড), টেবলো, পাওয়ার বিআই, পাইথন (পান্ডাস, নামপাই), মাইক্রোসফট এক্সেল"
resume_94.txt,"[Objective]: আধুনিক জাভাস্ক্রিপ্ট ফ্রেমওয়ার্ক ব্যবহার করে স্কেলেবল এবং পারফরম্যান্ট ফ্রন্টএন্ড সলিউশন বিল্ড করা আমার লক্ষ্য 
[Education]: বিএসসি ইন কম্পিউটার সায়েন্স অ্যান্ড ইঞ্জিনিয়ারিং 
[Experience Highlights]: রিয়েক্টজেএস ব্যবহার করে সিঙ্গেল পেজ অ্যাপ্লিকেশন (SPA) ডেভেলপমেন্ট | Redux Toolkit ব্যবহার করে স্টেট ম্যানেজমেন্ট 
[Top Skills]: রিয়েক্টজেএস, জাভাস্ক্রিপ্ট (ES6), এইচটিএমএল৫, সিএসএস৩, টেইলউইন্ড সিএসএস, বুটস্ট্র্যাপ, গিট"
resume_95.txt,"[Objective]: এন্ট্রি-লেভেল ডেটা অ্যানালিস্ট হিসেবে কাজ করার মাধ্যমে বাস্তব-জীবনের ডেটা নিয়ে অভিজ্ঞতা অর্জন করা এবং শেখার প্রতি আগ্রহ থেকে ডেটা সায়েন্সের ক্ষেত্রে দক্ষতা বৃদ্ধি করা 
[Education]: বিএসসি ইন কম্পিউটার সায়েন্স অ্যান্ড ইঞ্জিনিয়ারিং 
[Experience Highlights]: পাইথন প্রোগ্রামিং ল্যাঙ্গুয়েজ ও লাইব্রেরি ব্যবহার করে ডেটা ক্লিনিং ও এক্সপ্লোরেটরি ডেটা অ্যানালাইসিস (EDA) করা | এক্সেলে সেন্টিমেন্ট অ্যানালাইসিসের জন্য একটি ছোট প্রোজেক্টে কাজ করা 
[Top Skills]: পাইথন (পান্ডাস), মাইএসকিউএল, মাইক্রোসফট এক্সেল, ম্যাটপ্লটলিব (বেসিক)"
resume_96.txt,"[Objective]: জাভা ও স্প্রিং বুট ফ্রেমওয়ার্ক ব্যবহার করে মাইক্রোসার্ভিস-ভিত্তিক অ্যাপ্লিকেশন ডেভেলপ করতে চাই 
[Education]: বিএসসি ইন কম্পিউটার সায়েন্স অ্যান্ড ইঞ্জিনিয়ারিং 
[Experience Highlights]: ট্রেইনি সফটওয়্যার ইঞ্জিনিয়ার | ব্রেইনস্টেশন-২৩ জুন ২০২৩ - বর্তমান 
[Top Skills]: জাভা (কোর জাভা, জেডিবিসি), স্প্রিং বুট (বেসিক), মাইএসকিউএল, গিট"
resume_97.txt,"[Objective]: একটি গবেষণাধর্মী প্রতিষ্ঠানে জুনিয়র ডেটা অ্যানালিস্ট হিসেবে কাজ করা, যেখানে পরিসংখ্যানগত জ্ঞান ও ডেটা ভিজুয়ালাইজেশন দক্ষতা ব্যবহার করে অর্থপূর্ণ প্যাটার্ন ও প্রবণতা আবিষ্কার করা যাবে 
[Education]: এমএসসি ইন স্ট্যাটিস্টিক্স 
[Experience Highlights]: রিসার্চ অ্যাসিস্ট্যান্ট (ডেটা পার্ট) | রিসার্চ টিমের জন্য গ্রাফ ও চার্ট তৈরি করা 
[Top Skills]: SPSS, মাইক্রোসফট এক্সেল (অ্যাডভান্সড), আর প্রোগ্রামিং (বেসিক), পাওয়ার বিআই"
resume_98.txt,"[Objective]: জাভাস্ক্রিপ্ট ও পাইথন-ভিত্তিক টেকনোলজি ব্যবহার করে এন্ড-টু-এন্ড ওয়েব অ্যাপ্লিকেশন ডেভেলপ করার দক্ষতা অর্জন করতে চাই 
[Education]: বিএসসি ইন কম্পিউটার সায়েন্স অ্যান্ড ইঞ্জিনিয়ারিং 
[Experience Highlights]: ওয়েব ডেভেলপমেন্ট ইন্টার্ন | এক্সপ্রেসজেএস ও মঙ্গোডিবি ব্যবহার করে একটি ব্লগিং ওয়েবসাইটের জন্য ব্যাকএন্ড ও ফ্রন্টএন্ড কানেক্ট করা 
[Top Skills]: জাভাস্ক্রিপ্ট, রিয়েক্টজেএস, নোডজেএস / এক্সপ্রেসজেএস, মঙ্গোডিবি"
resume_99.txt,"[Objective]: মার্কেটিং ক্যাম্পেইনের কার্যকারিতা মাপতে এবং গ্রাহক বিভাজন (Customer Segmentation) নিয়ে কাজ করতে আগ্রহী 
[Education]: বিবিএ (মার্কেটিং) 
[Experience Highlights]: গুগল অ্যানালিটিক্স এবং ফেসবুক ইনসাইটস ব্যবহার করে ক্লায়েন্টদের ওয়েবসাইট ও সোশ্যাল মিডিয়া পারফরম্যান্স রিপোর্ট তৈরি করা | এসকিউএল ব্যবহার করে গ্রাহকদের আচরণ সংক্রান্ত ডেটা অ্যানালাইসিস করা 
[Top Skills]: গুগল অ্যানালিটিক্স, এসকিউএল, পাওয়ার বিআই, এক্সেল"
